User_ID,Age,Gender,Occupation,Game_Type,Daily_Gaming_Hours,Weekly_Gaming_Hours,Primary_Gaming_Time,Sleep_Hours,Stress_Level,Focus_Level,Academic_or_Work_Score,Productivity_Level,Performance_Impact
U0001,21.0,Male,Working Professional,Action,4.0,28.0,Morning,4.6,6.0,4.0,69.0,66.0,Negative
U0002,35.0,Female,Student,Sports,1.0,7.0,Night,5.4,2.0,7.0,,72.0,Neutral
,26.0,Male,Student,Puzzle,2.0,14.0,,8.0,4.0,8.0,82.0,82.0,
U0004,32.0,Male,Working Professional,Action,1.0,7.0,Night,4.9,7.0,7.0,71.0,66.0,Neutral
U0005,19.0,Male,Working Professional,Action,2.1,14.7,Morning,7.0,7.0,7.0,,63.0,
U0006,29.0,Female,Student,Casual,5.3,37.1,Evening,6.0,9.0,8.0,78.0,75.0,Neutral
U0007,35.0,Male,Student,Sports,4.4,30.8,Evening,7.2,3.0,7.0,95.0,92.0,Neutral
U0008,25.0,Male,Working Professional,Sports,2.0,14.0,Evening,8.2,5.0,8.0,75.0,70.0,Positive
U0009,32.0,Male,Working Professional,Strategy,0.9,6.3,Morning,8.2,7.0,4.0,86.0,87.0,Positive
U0010,25.0,Male,Working Professional,Action,4.6,32.2,Morning,6.7,8.0,7.0,80.0,80.0,Neutral
U0011,20.0,Female,Working Professional,Simulation,5.2,36.4,Evening,5.1,4.0,9.0,82.0,86.0,
U0012,35.0,Female,,Action,3.4,23.8,Evening,8.4,2.0,8.0,62.0,67.0,Neutral
U0013,21.0,Female,Student,Strategy,,20.3,Evening,6.3,6.0,7.0,66.0,69.0,Neutral
U0014,18.0,Male,Working Professional,Puzzle,4.7,32.9,Morning,6.7,2.0,7.0,75.0,77.0,
,35.0,Male,Student,Casual,0.8,5.6,Evening,8.0,3.0,3.0,86.0,82.0,Positive
U0016,27.0,Female,Working Professional,Sports,5.7,39.9,Night,5.2,8.0,4.0,89.0,87.0,Negative
U0017,35.0,Male,Student,Action,3.0,21.0,Morning,5.5,3.0,5.0,56.0,60.0,Neutral
U0018,34.0,Male,Working Professional,Casual,4.4,30.8,Evening,4.7,3.0,3.0,76.0,72.0,Negative
U0019,24.0,Male,Student,Casual,1.7,11.9,Evening,5.0,9.0,4.0,85.0,86.0,Neutral
U0020,30.0,Female,Student,Strategy,2.4,16.8,Morning,6.1,2.0,8.0,61.0,56.0,Neutral
U0021,25.0,Male,,Simulation,1.5,10.5,Morning,6.3,8.0,4.0,72.0,74.0,Neutral
U0022,31.0,Female,Working Professional,Strategy,0.8,5.6,Evening,8.5,2.0,3.0,70.0,,Positive
U0023,27.0,Female,Working Professional,Strategy,,38.5,Morning,5.2,2.0,6.0,71.0,73.0,Negative
U0024,19.0,Female,Student,Action,2.1,14.7,Night,8.4,2.0,8.0,75.0,70.0,Neutral
U0025,21.0,Male,Student,Simulation,0.9,6.3,Morning,,3.0,8.0,70.0,71.0,Neutral
U0026,,Male,Working Professional,Sports,2.8,19.6,Morning,6.8,7.0,5.0,68.0,73.0,Neutral
U0027,32.0,Male,Student,Simulation,4.2,29.4,Morning,5.7,7.0,9.0,59.0,54.0,Negative
U0028,27.0,Male,Working Professional,Simulation,3.3,23.1,Night,5.0,7.0,3.0,70.0,70.0,Neutral
U0029,21.0,Male,Working Professional,Action,2.2,15.4,,8.4,2.0,8.0,90.0,89.0,Neutral
U0030,24.0,Female,Working Professional,Puzzle,4.6,32.2,Morning,5.1,6.0,7.0,68.0,68.0,Negative
U0031,22.0,Female,Student,Casual,1.0,7.0,Evening,6.2,6.0,3.0,55.0,55.0,Neutral
U0032,35.0,Male,Working Professional,Simulation,3.5,24.5,Night,6.2,2.0,3.0,59.0,56.0,Neutral
U0033,24.0,Male,Student,Puzzle,1.3,9.1,Night,5.0,6.0,5.0,57.0,57.0,Neutral
U0034,31.0,Male,Student,Casual,5.4,37.8,Evening,6.1,4.0,4.0,65.0,62.0,Neutral
U0035,30.0,Male,Working Professional,Strategy,4.8,33.6,Morning,6.1,5.0,5.0,65.0,61.0,Neutral
U0036,18.0,Male,Working Professional,Puzzle,5.0,35.0,Evening,6.3,6.0,9.0,69.0,67.0,Neutral
U0037,35.0,Female,Student,Action,5.3,37.1,Evening,8.4,6.0,5.0,87.0,88.0,Neutral
U0038,31.0,Female,Working Professional,Sports,1.5,10.5,Night,8.4,6.0,3.0,61.0,65.0,Positive
,18.0,,Working Professional,Sports,5.9,41.3,Morning,,5.0,5.0,57.0,58.0,Negative
U0040,34.0,Female,Working Professional,Puzzle,5.7,39.9,Evening,8.2,7.0,8.0,62.0,61.0,Neutral
U0041,23.0,Female,Working Professional,,4.3,30.1,Morning,6.7,5.0,6.0,79.0,84.0,Neutral
U0042,24.0,Female,Student,Casual,2.2,15.4,Morning,5.3,7.0,6.0,,85.0,Neutral
U0043,27.0,Male,Student,Strategy,,14.7,Morning,7.2,7.0,3.0,70.0,75.0,Neutral
U0044,24.0,Female,Working Professional,Sports,0.8,5.6,Morning,8.4,3.0,6.0,81.0,86.0,Positive
U0045,23.0,Female,Student,Simulation,1.3,9.1,Morning,7.3,3.0,9.0,82.0,80.0,Positive
U0046,34.0,Female,Working Professional,Simulation,5.5,38.5,Night,5.0,4.0,9.0,84.0,89.0,Negative
U0047,26.0,Male,,Simulation,5.4,37.8,Evening,6.2,9.0,4.0,85.0,87.0,Neutral
U0048,26.0,Female,Working Professional,Simulation,3.9,27.3,Morning,5.6,3.0,8.0,73.0,71.0,Neutral
U0049,31.0,Female,Working Professional,Simulation,1.3,9.1,Evening,5.4,4.0,8.0,68.0,64.0,Neutral
U0050,30.0,Female,Student,Puzzle,2.8,19.6,Evening,5.3,8.0,6.0,92.0,87.0,Neutral
,25.0,Female,Student,Puzzle,4.6,32.2,Evening,7.9,8.0,7.0,89.0,93.0,Neutral
U0052,22.0,Male,Working Professional,Simulation,3.2,22.4,Night,6.1,8.0,8.0,,67.0,Neutral
U0053,19.0,Female,Working Professional,Puzzle,4.1,28.7,Morning,4.8,8.0,4.0,84.0,81.0,Negative
U0054,20.0,Female,Student,Casual,3.0,21.0,Night,5.9,8.0,5.0,81.0,80.0,Neutral
U0055,19.0,Male,Student,Strategy,0.8,5.6,Morning,8.3,,8.0,59.0,64.0,Positive
U0056,24.0,Female,Working Professional,Puzzle,3.9,27.3,Morning,5.5,9.0,8.0,62.0,66.0,Neutral
U0057,21.0,Male,Working Professional,,3.8,26.6,Night,8.4,3.0,9.0,65.0,64.0,Neutral
U0058,25.0,Male,Working Professional,Casual,,38.5,Night,6.0,5.0,3.0,92.0,97.0,Neutral
U0059,29.0,Male,Working Professional,Action,4.9,34.3,Evening,7.7,2.0,5.0,89.0,90.0,Neutral
U0060,31.0,Male,Working Professional,Simulation,5.0,35.0,Night,4.9,7.0,8.0,84.0,81.0,Negative
U0061,26.0,Female,Student,Sports,4.8,33.6,Night,6.4,6.0,5.0,70.0,66.0,Neutral
U0062,33.0,Male,Working Professional,Puzzle,3.9,27.3,Evening,6.0,2.0,6.0,75.0,72.0,Neutral
U0063,24.0,Male,Student,Casual,2.0,14.0,Evening,6.9,6.0,7.0,55.0,58.0,Neutral
U0064,18.0,Male,Working Professional,Strategy,3.2,22.4,,,9.0,8.0,,88.0,Neutral
U0065,29.0,Female,Working Professional,Puzzle,4.3,30.1,Night,5.7,7.0,6.0,90.0,93.0,Negative
U0066,21.0,Male,Student,Strategy,3.0,21.0,Night,5.7,5.0,3.0,67.0,67.0,Neutral
U0067,25.0,Female,Student,Puzzle,3.2,22.4,Morning,7.4,6.0,,,66.0,Neutral
U0068,22.0,Female,Student,Action,4.4,30.8,Night,5.0,2.0,3.0,90.0,89.0,Negative
U0069,33.0,Male,Student,Sports,2.1,14.7,Evening,6.4,7.0,4.0,58.0,57.0,Neutral
U0070,27.0,Male,Student,Action,0.9,,Night,7.0,2.0,4.0,64.0,68.0,Positive
U0071,32.0,Female,,Simulation,4.7,32.9,Evening,6.9,5.0,9.0,88.0,89.0,Neutral
U0072,24.0,Female,Student,Strategy,,15.4,Morning,7.0,3.0,9.0,68.0,73.0,Neutral
U0073,33.0,Female,Student,Strategy,1.5,10.5,Evening,4.8,2.0,6.0,83.0,87.0,Neutral
U0074,24.0,Female,Student,Simulation,4.4,30.8,Morning,7.3,9.0,3.0,69.0,68.0,Neutral
U0075,27.0,Female,Working Professional,Action,4.1,28.7,Evening,8.1,4.0,3.0,58.0,55.0,Neutral
U0076,32.0,Male,Student,Sports,4.3,30.1,Night,7.3,6.0,7.0,89.0,91.0,Neutral
U0077,18.0,Female,Student,Strategy,2.3,16.1,Evening,5.5,3.0,4.0,91.0,95.0,Neutral
U0078,33.0,Male,Working Professional,Puzzle,3.4,23.8,Evening,6.3,6.0,4.0,92.0,,Neutral
U0079,27.0,Female,Student,Sports,2.3,16.1,Morning,7.2,4.0,5.0,81.0,83.0,Neutral
U0080,35.0,Female,Working Professional,Action,2.2,15.4,Morning,5.8,8.0,9.0,87.0,82.0,Neutral
U0081,24.0,Female,Student,Puzzle,3.4,23.8,Evening,7.0,9.0,8.0,83.0,78.0,Neutral
U0082,23.0,Female,Student,Simulation,5.3,37.1,Evening,,2.0,8.0,93.0,91.0,Neutral
U0083,22.0,Female,Working Professional,Simulation,1.0,7.0,Night,8.5,,6.0,62.0,67.0,Positive
U0084,22.0,Female,Student,Simulation,2.0,14.0,Night,7.8,9.0,4.0,84.0,87.0,Positive
U0085,34.0,Female,Student,Puzzle,4.6,32.2,Night,5.0,3.0,5.0,81.0,81.0,Negative
U0086,35.0,Female,Working Professional,Puzzle,2.1,14.7,Night,6.8,9.0,9.0,64.0,66.0,Neutral
U0087,30.0,Male,Working Professional,Action,4.7,32.9,Evening,6.0,7.0,9.0,67.0,65.0,Neutral
U0088,19.0,Male,Working Professional,Action,4.6,32.2,Evening,7.3,8.0,6.0,64.0,66.0,Neutral
U0089,22.0,Male,Working Professional,Puzzle,1.0,7.0,Evening,8.1,2.0,8.0,,65.0,Positive
U0090,35.0,Female,Working Professional,Casual,3.9,27.3,Night,6.1,3.0,9.0,76.0,81.0,Neutral
U0091,27.0,Male,Student,Sports,5.4,37.8,Morning,6.5,2.0,7.0,59.0,57.0,Neutral
U0092,18.0,Male,,Action,4.7,32.9,Evening,7.3,3.0,6.0,65.0,64.0,Neutral
U0093,23.0,Male,Student,Action,,17.5,Night,6.2,5.0,7.0,,85.0,Neutral
U0094,25.0,Female,Working Professional,Sports,5.3,37.1,Evening,7.0,5.0,,92.0,89.0,Neutral
U0095,20.0,Female,Working Professional,Simulation,4.2,29.4,Evening,8.1,9.0,5.0,89.0,86.0,Neutral
U0096,30.0,Female,Student,Strategy,4.0,28.0,Evening,6.2,6.0,6.0,74.0,72.0,Neutral
U0097,18.0,Male,Working Professional,Puzzle,3.6,25.2,Morning,6.8,6.0,3.0,80.0,79.0,Neutral
U0098,22.0,Male,Student,Puzzle,3.8,26.6,Evening,5.9,5.0,7.0,71.0,76.0,Neutral
,31.0,Male,Student,Strategy,,4.9,Night,6.0,4.0,3.0,73.0,73.0,Neutral
U0100,33.0,Female,Working Professional,Action,5.3,37.1,Evening,6.0,6.0,9.0,65.0,64.0,Neutral
U0101,29.0,Male,Working Professional,Action,5.8,40.6,Evening,5.1,5.0,9.0,80.0,83.0,Negative
U0102,29.0,Male,Student,Sports,3.5,24.5,Morning,6.3,6.0,7.0,79.0,84.0,Neutral
U0103,,Female,Working Professional,Casual,3.9,27.3,Evening,8.3,7.0,7.0,69.0,74.0,Neutral
U0104,21.0,Male,Student,Sports,1.1,7.7,Evening,4.7,2.0,5.0,86.0,82.0,Neutral
U0105,21.0,Female,Working Professional,Puzzle,2.5,17.5,Morning,8.3,8.0,7.0,64.0,65.0,Neutral
U0106,29.0,Female,Student,Sports,4.3,30.1,Evening,5.4,9.0,4.0,78.0,74.0,Negative
,18.0,Male,Working Professional,Strategy,1.5,10.5,Morning,5.0,9.0,3.0,68.0,73.0,Neutral
U0108,28.0,Male,Student,,4.8,33.6,Morning,5.3,5.0,7.0,,66.0,Negative
U0109,18.0,Female,Student,Simulation,5.9,,Evening,6.7,4.0,3.0,56.0,53.0,Neutral
U0110,21.0,Male,Working Professional,Sports,0.6,4.2,Evening,5.6,4.0,8.0,81.0,84.0,Neutral
U0111,34.0,Female,Working Professional,Casual,3.3,23.1,Morning,4.9,5.0,7.0,57.0,62.0,Neutral
U0112,32.0,Male,Student,Puzzle,0.8,5.6,Night,6.4,8.0,6.0,61.0,,Neutral
U0113,27.0,Female,Working Professional,Action,1.3,9.1,Night,5.0,7.0,6.0,93.0,96.0,Neutral
U0114,31.0,Female,Working Professional,Sports,1.1,7.7,Evening,7.1,5.0,6.0,83.0,81.0,Positive
U0115,22.0,Female,Student,Action,,31.5,Morning,5.8,7.0,8.0,71.0,71.0,Negative
U0116,19.0,Female,Student,Sports,1.0,7.0,Evening,4.9,7.0,9.0,63.0,66.0,Neutral
U0117,27.0,Female,Student,Simulation,5.3,37.1,Night,8.3,8.0,9.0,58.0,57.0,Neutral
U0118,35.0,Female,Student,Puzzle,1.7,11.9,Night,7.1,5.0,9.0,61.0,61.0,Positive
U0119,23.0,Female,Working Professional,Puzzle,1.7,11.9,Evening,6.2,2.0,7.0,72.0,67.0,Neutral
U0120,,Male,Student,Sports,0.5,3.5,Evening,8.0,8.0,3.0,64.0,69.0,Positive
,20.0,Male,Student,Strategy,3.0,21.0,Night,5.1,6.0,8.0,75.0,79.0,Neutral
,,Female,Working Professional,Strategy,0.8,5.6,Night,4.8,9.0,8.0,82.0,84.0,Neutral
,34.0,Female,Student,Strategy,1.1,7.7,Evening,6.2,6.0,8.0,92.0,94.0,Neutral
U0124,26.0,Female,Working Professional,Action,5.9,41.3,Morning,4.7,5.0,5.0,68.0,65.0,Negative
U0125,34.0,Female,Student,Sports,3.2,22.4,Night,6.2,4.0,6.0,89.0,87.0,Neutral
U0126,31.0,Female,,Puzzle,0.7,4.9,Morning,4.6,3.0,9.0,75.0,79.0,Neutral
U0127,29.0,Male,Working Professional,Action,2.7,18.9,Morning,8.4,4.0,9.0,94.0,96.0,Neutral
U0128,25.0,Female,Student,Action,2.9,20.3,Night,6.1,3.0,6.0,74.0,,Neutral
U0129,22.0,Male,,Strategy,4.0,28.0,Evening,6.6,5.0,9.0,77.0,77.0,Neutral
U0130,32.0,Female,Working Professional,Casual,1.6,11.2,Evening,6.9,3.0,4.0,95.0,97.0,Neutral
U0131,19.0,Female,Student,Puzzle,1.3,9.1,Evening,4.8,9.0,8.0,74.0,73.0,Neutral
U0132,34.0,Female,Working Professional,Simulation,3.0,21.0,Night,4.7,6.0,3.0,60.0,,Neutral
U0133,24.0,,,Simulation,5.7,39.9,Morning,7.5,2.0,6.0,91.0,96.0,Neutral
,23.0,Male,Student,Casual,5.8,,Evening,6.3,7.0,8.0,60.0,63.0,Neutral
U0135,30.0,Female,Working Professional,Casual,6.0,42.0,Night,6.6,4.0,5.0,78.0,77.0,Neutral
U0136,35.0,Female,Working Professional,Puzzle,0.8,5.6,Night,7.0,7.0,3.0,76.0,72.0,Positive
U0137,22.0,Female,Working Professional,Casual,5.2,36.4,Night,8.4,4.0,5.0,60.0,64.0,Neutral
U0138,28.0,Male,Student,Casual,4.1,28.7,Night,5.0,3.0,5.0,90.0,91.0,Negative
U0139,28.0,Female,Student,Strategy,2.8,19.6,Morning,5.9,7.0,5.0,66.0,64.0,Neutral
U0140,19.0,Female,Student,Simulation,1.4,9.8,,5.7,3.0,7.0,89.0,92.0,Neutral
U0141,31.0,Female,Student,,1.3,9.1,Night,5.2,4.0,8.0,83.0,78.0,Neutral
U0142,27.0,Female,Student,Puzzle,2.1,14.7,Night,7.5,9.0,4.0,89.0,87.0,Neutral
U0143,34.0,Female,Student,Strategy,5.7,39.9,Night,8.4,9.0,9.0,73.0,74.0,Neutral
U0144,21.0,Male,Working Professional,Action,1.3,9.1,Morning,5.5,9.0,9.0,78.0,81.0,Neutral
U0145,25.0,Female,Working Professional,Action,2.0,14.0,Evening,,4.0,9.0,82.0,78.0,Positive
U0146,25.0,Male,Working Professional,Action,0.8,5.6,Night,6.5,5.0,6.0,60.0,60.0,Neutral
U0147,22.0,,Working Professional,Simulation,4.1,28.7,Morning,7.7,4.0,3.0,73.0,75.0,Neutral
U0148,34.0,Female,Student,Puzzle,,38.5,Morning,4.6,5.0,9.0,64.0,67.0,Negative
U0149,20.0,Male,Working Professional,Simulation,2.2,15.4,Night,4.7,8.0,8.0,94.0,96.0,Neutral
,31.0,Male,Working Professional,Strategy,0.6,4.2,Night,6.6,5.0,8.0,,63.0,Neutral
U0151,34.0,Male,Working Professional,Sports,2.8,19.6,Morning,7.2,3.0,7.0,78.0,74.0,Neutral
U0152,20.0,Female,Student,Casual,4.0,28.0,,8.4,6.0,8.0,56.0,,Neutral
U0153,35.0,Female,Student,Casual,4.0,28.0,Evening,7.6,7.0,4.0,57.0,57.0,Neutral
U0154,32.0,Male,Working Professional,Strategy,5.9,41.3,Morning,6.4,4.0,9.0,63.0,59.0,Neutral
U0155,35.0,Female,Working Professional,Action,4.9,34.3,Night,8.0,7.0,5.0,87.0,88.0,Neutral
U0156,21.0,Female,Working Professional,Sports,1.6,11.2,Night,5.9,2.0,9.0,76.0,75.0,Neutral
U0157,29.0,,Student,Casual,2.9,20.3,Evening,8.3,7.0,4.0,86.0,88.0,Neutral
U0158,21.0,Male,Working Professional,Casual,0.9,6.3,Evening,6.9,4.0,7.0,73.0,73.0,Neutral
U0159,32.0,Male,Working Professional,Simulation,2.2,15.4,Evening,6.9,8.0,4.0,83.0,83.0,Neutral
U0160,29.0,Male,Student,Strategy,2.0,,Night,8.4,2.0,3.0,95.0,96.0,Positive
U0161,29.0,Female,Working Professional,Simulation,4.2,29.4,Morning,6.3,4.0,3.0,70.0,75.0,Neutral
U0162,22.0,Female,Working Professional,Puzzle,3.8,26.6,Night,7.2,7.0,5.0,83.0,79.0,Neutral
U0163,34.0,Female,Student,Puzzle,2.0,14.0,Evening,8.3,2.0,8.0,66.0,68.0,Positive
U0164,21.0,Male,Student,Sports,4.4,30.8,Morning,5.4,6.0,8.0,86.0,84.0,Negative
U0165,29.0,Male,Working Professional,Puzzle,5.4,37.8,Morning,6.3,3.0,9.0,75.0,80.0,Neutral
,25.0,Male,,Strategy,4.4,30.8,Morning,8.2,4.0,9.0,78.0,81.0,Neutral
U0167,20.0,Male,Working Professional,Sports,4.8,33.6,Night,4.6,7.0,6.0,90.0,87.0,Negative
U0168,22.0,Female,Student,Sports,4.5,31.5,Evening,6.6,8.0,9.0,91.0,87.0,Neutral
U0169,34.0,Male,Student,Simulation,4.2,29.4,Morning,5.9,4.0,9.0,63.0,64.0,Negative
U0170,20.0,Female,Student,Casual,2.2,15.4,Night,5.1,5.0,5.0,88.0,87.0,Neutral
U0171,22.0,Male,Working Professional,Simulation,2.0,14.0,Morning,7.0,3.0,7.0,65.0,69.0,Positive
U0172,24.0,Female,Student,Sports,5.0,35.0,Night,4.6,2.0,,91.0,90.0,Negative
U0173,30.0,Female,Working Professional,Action,3.5,24.5,Night,7.1,6.0,6.0,70.0,75.0,Neutral
U0174,,Female,Working Professional,Casual,0.8,5.6,Evening,6.3,9.0,6.0,68.0,68.0,Neutral
U0175,28.0,Male,Working Professional,Action,5.9,41.3,Evening,5.0,7.0,7.0,90.0,86.0,Negative
U0176,31.0,Male,Student,Puzzle,3.0,,Night,5.1,2.0,5.0,79.0,83.0,Neutral
U0177,33.0,,Working Professional,Action,4.5,31.5,Morning,5.3,4.0,6.0,87.0,89.0,Negative
U0178,19.0,Male,Working Professional,Sports,5.7,39.9,Night,6.5,5.0,4.0,92.0,92.0,Neutral
U0179,21.0,Female,Student,Puzzle,5.4,37.8,Night,7.1,9.0,5.0,89.0,,Neutral
U0180,35.0,Male,Working Professional,Simulation,2.5,17.5,Evening,6.1,2.0,6.0,58.0,62.0,Neutral
U0181,21.0,Male,Student,Sports,0.9,,Evening,6.5,6.0,9.0,94.0,99.0,Neutral
U0182,34.0,Female,Student,Action,4.9,34.3,Morning,5.9,7.0,9.0,,62.0,Negative
U0183,34.0,Male,Working Professional,Simulation,1.3,9.1,Evening,5.8,,7.0,,81.0,Neutral
U0184,34.0,Female,Working Professional,Sports,1.4,9.8,Morning,8.5,6.0,7.0,76.0,,Positive
U0185,18.0,Female,Working Professional,Casual,2.5,17.5,Night,7.2,8.0,7.0,,79.0,Neutral
U0186,30.0,Male,Student,Action,3.7,25.9,Night,7.4,9.0,4.0,88.0,93.0,Neutral
U0187,22.0,Female,Student,Sports,5.7,39.9,Night,4.9,2.0,6.0,75.0,76.0,
U0188,24.0,Female,Working Professional,Simulation,4.8,33.6,Evening,8.2,2.0,8.0,63.0,66.0,Neutral
U0189,26.0,Female,Student,Strategy,2.2,15.4,Evening,5.2,7.0,7.0,77.0,82.0,Neutral
U0190,33.0,Female,Working Professional,Puzzle,3.6,25.2,Night,5.4,6.0,9.0,73.0,71.0,Neutral
U0191,35.0,Female,Working Professional,,5.6,39.2,Morning,7.7,6.0,5.0,62.0,66.0,Neutral
U0192,26.0,Female,Student,Strategy,2.1,14.7,Night,5.7,3.0,,83.0,88.0,Neutral
U0193,25.0,,Student,Casual,2.0,14.0,Night,6.7,6.0,4.0,61.0,65.0,Neutral
U0194,21.0,Male,Student,Simulation,1.7,11.9,Morning,5.4,3.0,6.0,76.0,78.0,Neutral
U0195,28.0,Female,Student,Action,2.7,18.9,Night,8.2,9.0,6.0,67.0,66.0,Neutral
U0196,19.0,Female,Working Professional,Strategy,3.7,25.9,Night,6.6,2.0,,81.0,78.0,Neutral
,21.0,,Working Professional,Sports,5.8,40.6,Night,8.2,2.0,3.0,74.0,78.0,Neutral
U0198,26.0,Male,Student,Puzzle,3.5,24.5,Morning,6.5,4.0,9.0,87.0,89.0,Neutral
U0199,24.0,Male,Working Professional,Sports,4.5,31.5,Night,7.1,4.0,3.0,76.0,75.0,Neutral
U0200,28.0,Male,Student,Puzzle,2.3,16.1,Evening,6.1,3.0,4.0,63.0,65.0,Neutral
U0201,18.0,Female,Working Professional,Casual,1.8,,Morning,7.5,7.0,5.0,92.0,96.0,Positive
U0202,34.0,Female,Student,Casual,0.8,5.6,Evening,5.0,6.0,4.0,80.0,85.0,Neutral
U0203,29.0,Female,Working Professional,Simulation,2.5,17.5,Night,5.4,4.0,6.0,64.0,66.0,Neutral
U0204,29.0,Male,Student,Action,5.0,35.0,Night,7.5,3.0,,83.0,86.0,Neutral
U0205,32.0,Male,Student,Casual,5.5,38.5,Night,5.3,4.0,4.0,75.0,78.0,Negative
U0206,22.0,Female,Working Professional,Simulation,3.2,22.4,Morning,8.1,9.0,9.0,58.0,60.0,Neutral
U0207,26.0,Male,Student,Simulation,3.6,25.2,Morning,7.2,6.0,8.0,56.0,57.0,Neutral
U0208,33.0,Male,Working Professional,Sports,0.7,4.9,Morning,5.9,3.0,7.0,58.0,54.0,Neutral
U0209,30.0,Female,Student,Casual,4.7,32.9,Night,7.6,8.0,5.0,79.0,81.0,Neutral
U0210,30.0,Male,Student,,5.3,37.1,Morning,5.0,7.0,3.0,66.0,69.0,Negative
U0211,25.0,Female,Working Professional,Strategy,5.9,41.3,Evening,6.4,8.0,7.0,79.0,77.0,Neutral
U0212,18.0,Male,Student,Action,1.5,10.5,Morning,8.0,3.0,3.0,81.0,85.0,Positive
U0213,32.0,Male,Student,Action,3.8,26.6,Morning,6.3,2.0,4.0,57.0,58.0,Neutral
U0214,28.0,Male,Working Professional,Strategy,3.3,23.1,Night,5.7,7.0,7.0,93.0,98.0,Neutral
U0215,23.0,Female,Working Professional,Action,3.4,23.8,Evening,6.2,6.0,3.0,90.0,94.0,Neutral
U0216,22.0,Female,Working Professional,Strategy,5.7,39.9,Night,7.2,7.0,8.0,81.0,82.0,Neutral
,19.0,Female,Working Professional,Simulation,3.1,21.7,Night,7.9,6.0,9.0,64.0,66.0,Neutral
U0218,29.0,Male,Student,Action,1.2,8.4,Evening,5.5,5.0,5.0,60.0,62.0,Neutral
U0219,35.0,Male,Working Professional,Strategy,2.6,18.2,Evening,6.9,2.0,9.0,59.0,57.0,Neutral
,25.0,Male,Working Professional,Strategy,2.2,15.4,Night,8.1,5.0,4.0,62.0,64.0,Neutral
U0221,26.0,Female,Working Professional,Sports,2.3,16.1,Morning,5.6,9.0,7.0,77.0,76.0,Neutral
U0222,31.0,Male,Student,Casual,4.9,34.3,Morning,7.4,7.0,4.0,78.0,78.0,Neutral
U0223,28.0,Male,Working Professional,Simulation,0.6,4.2,Morning,6.7,8.0,5.0,64.0,62.0,Neutral
U0224,33.0,Female,Student,Casual,3.2,22.4,Evening,7.1,7.0,5.0,86.0,91.0,Neutral
U0225,19.0,Male,Student,Casual,1.4,9.8,Morning,7.4,9.0,4.0,89.0,94.0,Positive
U0226,24.0,,Working Professional,Action,4.7,32.9,Night,6.1,5.0,3.0,64.0,59.0,Neutral
U0227,18.0,Female,Student,,4.0,28.0,Night,8.2,9.0,8.0,86.0,81.0,Neutral
U0228,31.0,Male,Student,Action,4.5,,Night,6.6,6.0,3.0,87.0,92.0,Neutral
U0229,,,Working Professional,Sports,1.3,9.1,Evening,5.3,6.0,9.0,77.0,76.0,Neutral
U0230,19.0,Male,,Sports,3.6,25.2,Evening,8.5,5.0,5.0,60.0,65.0,Neutral
U0231,33.0,Female,Working Professional,Simulation,3.5,24.5,Morning,4.7,2.0,8.0,65.0,61.0,Neutral
U0232,26.0,Male,,Casual,5.4,,Evening,8.2,5.0,4.0,91.0,93.0,Neutral
U0233,24.0,Male,Working Professional,Action,5.4,37.8,Evening,6.8,2.0,4.0,75.0,70.0,Neutral
U0234,30.0,Male,Student,Simulation,1.4,9.8,Night,5.5,8.0,,89.0,89.0,Neutral
U0235,30.0,Female,Student,Casual,5.9,41.3,Evening,4.7,8.0,4.0,59.0,59.0,Negative
U0236,31.0,Male,Working Professional,Action,4.8,33.6,Night,6.3,5.0,5.0,90.0,91.0,Neutral
,30.0,Male,Working Professional,Puzzle,2.1,14.7,Evening,5.5,3.0,3.0,72.0,69.0,Neutral
U0238,21.0,Male,Student,Strategy,1.1,7.7,Evening,4.5,6.0,6.0,78.0,77.0,Neutral
U0239,29.0,Male,Working Professional,Sports,3.0,21.0,Morning,6.7,8.0,3.0,56.0,,Neutral
U0240,,Male,Working Professional,Strategy,2.1,14.7,Morning,6.1,3.0,8.0,90.0,88.0,Neutral
U0241,26.0,Female,Working Professional,Sports,2.0,14.0,,5.6,4.0,3.0,65.0,66.0,Neutral
U0242,32.0,Male,Student,Puzzle,2.5,17.5,Morning,,9.0,7.0,94.0,92.0,Neutral
U0243,28.0,Female,Student,Puzzle,5.7,39.9,,5.8,8.0,9.0,76.0,78.0,Negative
U0244,28.0,Female,Working Professional,Simulation,3.8,26.6,Morning,7.3,9.0,5.0,66.0,67.0,Neutral
U0245,24.0,Male,Student,Casual,2.3,16.1,Evening,5.6,8.0,5.0,62.0,66.0,Neutral
U0246,33.0,Male,Working Professional,Strategy,5.7,39.9,Evening,5.3,6.0,9.0,59.0,60.0,Negative
U0247,33.0,Female,Working Professional,Simulation,4.1,28.7,Morning,7.4,8.0,3.0,83.0,87.0,Neutral
U0248,29.0,Male,Student,Simulation,4.8,33.6,Night,5.9,3.0,3.0,70.0,,Negative
U0249,18.0,Male,Working Professional,Strategy,4.2,29.4,Night,6.1,7.0,,82.0,78.0,Neutral
U0250,32.0,Male,Working Professional,Action,4.6,32.2,Evening,6.7,5.0,6.0,78.0,79.0,Neutral
,27.0,Female,Working Professional,Strategy,1.1,7.7,Night,6.2,3.0,3.0,64.0,64.0,Neutral
U0252,20.0,Female,Student,Casual,3.2,22.4,Morning,6.4,9.0,8.0,83.0,83.0,Neutral
U0253,34.0,Male,Student,Puzzle,0.6,4.2,Night,5.9,3.0,8.0,65.0,63.0,Neutral
U0254,31.0,Female,Student,Casual,2.8,19.6,Night,6.3,8.0,8.0,66.0,63.0,Neutral
U0255,24.0,Female,Student,Simulation,5.4,37.8,Morning,6.3,,6.0,,53.0,
U0256,21.0,Female,Working Professional,Simulation,4.9,34.3,Night,6.6,7.0,5.0,67.0,69.0,Neutral
U0257,29.0,Female,Student,Casual,2.2,15.4,Night,6.1,8.0,7.0,62.0,62.0,Neutral
U0258,21.0,Male,Working Professional,Action,4.9,34.3,Morning,8.2,3.0,8.0,63.0,63.0,Neutral
U0259,30.0,Female,Student,Sports,2.6,18.2,Night,,8.0,6.0,93.0,90.0,Neutral
U0260,27.0,Male,Student,Puzzle,3.5,24.5,Evening,8.2,4.0,7.0,65.0,67.0,Neutral
U0261,30.0,Female,Working Professional,Casual,3.9,27.3,Evening,8.0,2.0,6.0,63.0,61.0,Neutral
U0262,18.0,Male,Working Professional,Action,2.8,19.6,Evening,7.9,9.0,4.0,60.0,64.0,Neutral
U0263,34.0,Male,Student,Puzzle,1.7,11.9,Night,5.7,,7.0,86.0,89.0,Neutral
U0264,24.0,Female,Student,Casual,5.0,35.0,Night,6.0,2.0,9.0,83.0,86.0,Neutral
U0265,20.0,Female,Student,Strategy,4.6,32.2,Morning,5.7,2.0,6.0,71.0,71.0,Negative
U0266,31.0,Male,Student,Strategy,5.0,35.0,,6.9,7.0,,94.0,99.0,Neutral
U0267,28.0,Female,Working Professional,Simulation,4.9,34.3,Evening,6.8,6.0,7.0,89.0,86.0,Neutral
U0268,26.0,Male,Student,Strategy,5.7,39.9,Morning,6.6,3.0,4.0,81.0,76.0,Neutral
U0269,26.0,Female,Working Professional,Sports,4.4,30.8,Morning,7.8,8.0,6.0,64.0,68.0,Neutral
U0270,29.0,,Working Professional,Puzzle,4.0,28.0,Night,8.0,3.0,6.0,87.0,86.0,Neutral
U0271,29.0,Male,Working Professional,Strategy,0.5,3.5,Evening,7.6,3.0,8.0,84.0,89.0,Positive
U0272,35.0,Male,,Puzzle,5.0,35.0,Night,6.5,7.0,9.0,73.0,73.0,Neutral
U0273,32.0,Female,Student,Sports,4.7,32.9,Morning,4.7,9.0,3.0,62.0,59.0,Negative
U0274,29.0,Female,Student,Puzzle,6.0,42.0,Night,8.1,6.0,4.0,72.0,68.0,Neutral
U0275,31.0,Male,,Action,5.5,38.5,Morning,5.2,8.0,8.0,74.0,72.0,Negative
U0276,18.0,Female,Student,Sports,3.1,21.7,Night,5.0,5.0,7.0,83.0,,Neutral
U0277,28.0,Female,Working Professional,Strategy,1.2,8.4,Evening,4.8,8.0,3.0,61.0,57.0,Neutral
U0278,34.0,Male,Student,Sports,4.8,33.6,Evening,7.5,4.0,8.0,64.0,60.0,Neutral
U0279,32.0,Male,Student,Action,4.5,31.5,Morning,7.0,4.0,6.0,94.0,99.0,Neutral
U0280,22.0,Male,Working Professional,,4.6,32.2,Morning,6.9,8.0,5.0,82.0,82.0,Neutral
U0281,27.0,Male,Student,Casual,1.9,13.3,Evening,6.9,6.0,9.0,56.0,,Neutral
U0282,25.0,Female,Student,Simulation,2.1,14.7,Morning,4.7,5.0,6.0,79.0,75.0,Neutral
U0283,29.0,Male,Working Professional,Action,5.9,41.3,Morning,8.2,4.0,6.0,91.0,92.0,Neutral
U0284,,Female,Working Professional,Sports,3.7,25.9,Night,4.6,5.0,3.0,58.0,59.0,Neutral
U0285,20.0,Male,Student,Simulation,2.7,18.9,Evening,7.1,4.0,5.0,60.0,59.0,Neutral
U0286,19.0,Male,Student,Sports,2.6,18.2,Morning,7.0,3.0,5.0,82.0,80.0,Neutral
U0287,18.0,Male,Student,Strategy,3.0,21.0,Evening,6.9,6.0,8.0,66.0,62.0,Neutral
U0288,26.0,Male,Student,Puzzle,5.7,39.9,Evening,6.6,6.0,4.0,78.0,75.0,Neutral
U0289,29.0,Male,Working Professional,Simulation,2.0,14.0,Morning,4.8,3.0,6.0,84.0,87.0,
U0290,34.0,Male,Student,,2.5,17.5,Morning,5.5,3.0,7.0,62.0,60.0,Neutral
U0291,31.0,Male,Working Professional,Strategy,0.8,5.6,Evening,6.0,4.0,4.0,57.0,60.0,Neutral
U0292,34.0,Male,Student,Strategy,5.5,38.5,Night,5.8,3.0,7.0,78.0,74.0,Negative
U0293,28.0,Male,Working Professional,Action,5.9,41.3,Evening,8.3,3.0,6.0,73.0,72.0,Neutral
U0294,32.0,Female,Working Professional,Strategy,1.6,11.2,Night,6.8,6.0,8.0,94.0,92.0,Neutral
U0295,18.0,Male,Working Professional,Casual,5.5,38.5,Night,7.5,5.0,4.0,55.0,56.0,Neutral
U0296,21.0,Male,Student,Sports,5.3,37.1,Evening,8.3,2.0,9.0,79.0,78.0,Neutral
U0297,19.0,Male,Working Professional,Casual,5.8,40.6,Evening,8.4,4.0,8.0,72.0,68.0,Neutral
U0298,30.0,Male,Student,Sports,3.0,21.0,Night,7.5,3.0,7.0,63.0,68.0,Neutral
U0299,28.0,Female,Working Professional,Puzzle,5.8,40.6,Morning,5.4,6.0,9.0,75.0,76.0,
U0300,32.0,Female,Working Professional,Sports,0.9,6.3,Morning,5.3,3.0,4.0,61.0,58.0,Neutral
U0301,26.0,Male,Student,Strategy,3.4,23.8,Night,8.4,5.0,6.0,74.0,76.0,Neutral
U0302,20.0,Male,Working Professional,Sports,2.2,,Night,7.3,2.0,4.0,75.0,72.0,Neutral
U0303,35.0,Male,Student,Sports,0.8,5.6,Morning,5.7,,3.0,80.0,82.0,Neutral
U0304,24.0,Female,Working Professional,,4.9,34.3,Night,5.1,2.0,3.0,69.0,66.0,Negative
U0305,20.0,Male,,Strategy,5.7,39.9,Morning,4.8,6.0,9.0,59.0,54.0,Negative
U0306,19.0,Male,Working Professional,Casual,5.5,38.5,Evening,7.8,7.0,3.0,57.0,59.0,Neutral
U0307,23.0,Female,Working Professional,Sports,3.2,22.4,Morning,6.0,8.0,4.0,77.0,75.0,Neutral
U0308,31.0,Female,Student,Action,0.7,,Evening,7.0,5.0,8.0,73.0,75.0,Positive
U0309,30.0,Female,Working Professional,Simulation,2.6,18.2,Evening,6.2,5.0,8.0,89.0,84.0,Neutral
U0310,18.0,Female,Student,Action,2.4,16.8,Evening,6.8,7.0,6.0,72.0,69.0,
U0311,23.0,Male,Student,Casual,0.8,5.6,Morning,8.5,7.0,9.0,92.0,90.0,
U0312,30.0,Female,Student,Strategy,2.0,14.0,Morning,7.8,2.0,9.0,69.0,73.0,
U0313,22.0,Male,Working Professional,Simulation,3.8,26.6,Evening,7.7,7.0,7.0,56.0,56.0,Neutral
U0314,18.0,Female,Student,Puzzle,1.5,10.5,Night,4.7,2.0,4.0,93.0,91.0,Neutral
U0315,18.0,Male,Student,Action,1.6,11.2,Night,5.0,4.0,9.0,75.0,70.0,Neutral
U0316,21.0,Female,Working Professional,,5.2,36.4,Morning,8.3,7.0,8.0,80.0,,Neutral
U0317,28.0,Male,Working Professional,Strategy,5.9,41.3,Night,7.4,8.0,9.0,95.0,,Neutral
U0318,23.0,Male,Working Professional,Simulation,3.7,25.9,Morning,5.2,6.0,8.0,73.0,70.0,Neutral
U0319,33.0,Male,Working Professional,Casual,1.5,10.5,Morning,5.8,5.0,8.0,91.0,87.0,Neutral
U0320,28.0,Female,Student,Puzzle,1.8,12.6,Morning,8.4,4.0,8.0,60.0,65.0,Positive
U0321,19.0,Female,,Casual,1.9,13.3,Evening,,6.0,9.0,,56.0,Neutral
U0322,30.0,Male,Working Professional,Simulation,5.8,40.6,Night,8.0,9.0,6.0,77.0,80.0,Neutral
U0323,18.0,Female,Working Professional,Action,4.7,32.9,Morning,5.4,9.0,,57.0,56.0,Negative
U0324,20.0,Female,Working Professional,Casual,2.4,16.8,Morning,8.1,4.0,8.0,59.0,,Neutral
U0325,28.0,Male,Student,Sports,2.9,20.3,Night,7.1,8.0,4.0,58.0,54.0,Neutral
U0326,25.0,Male,Student,Sports,3.5,24.5,Night,8.2,6.0,8.0,73.0,72.0,Neutral
U0327,20.0,Female,Working Professional,Strategy,3.5,24.5,Morning,6.5,2.0,,55.0,56.0,Neutral
U0328,27.0,Female,Working Professional,Sports,0.6,4.2,Night,5.2,6.0,3.0,85.0,81.0,Neutral
U0329,29.0,Male,Working Professional,Action,2.0,14.0,Evening,7.1,8.0,4.0,78.0,79.0,Positive
U0330,21.0,,Working Professional,Simulation,2.9,20.3,Evening,5.6,6.0,7.0,58.0,55.0,Neutral
U0331,31.0,Female,Student,Sports,5.8,40.6,Evening,6.9,2.0,9.0,79.0,82.0,Neutral
U0332,22.0,Male,Working Professional,Strategy,0.9,6.3,Morning,8.1,2.0,7.0,91.0,94.0,Positive
U0333,31.0,Male,Student,Simulation,5.8,40.6,Evening,7.7,4.0,3.0,82.0,78.0,Neutral
U0334,30.0,Female,Working Professional,Simulation,2.3,16.1,Evening,7.4,3.0,3.0,79.0,82.0,Neutral
U0335,22.0,Male,Student,Simulation,5.5,38.5,Morning,4.5,8.0,3.0,81.0,78.0,Negative
,33.0,Female,Student,Strategy,4.8,33.6,Evening,8.0,7.0,6.0,71.0,72.0,Neutral
U0337,25.0,Male,Working Professional,Puzzle,2.7,18.9,Evening,7.0,8.0,3.0,80.0,80.0,Neutral
U0338,21.0,Male,Student,Puzzle,0.6,4.2,Night,7.8,6.0,5.0,72.0,74.0,Positive
U0339,20.0,Male,Working Professional,Strategy,2.9,20.3,Evening,7.8,6.0,8.0,81.0,85.0,Neutral
U0340,23.0,Male,Working Professional,Casual,4.6,32.2,Night,7.5,7.0,9.0,58.0,61.0,Neutral
U0341,19.0,Male,Student,Sports,2.7,18.9,Morning,7.6,2.0,4.0,67.0,65.0,Neutral
U0342,30.0,Male,Student,Strategy,5.5,38.5,Evening,7.3,6.0,5.0,84.0,87.0,Neutral
U0343,29.0,Male,Working Professional,Casual,3.2,22.4,Night,6.3,9.0,7.0,90.0,90.0,Neutral
U0344,25.0,Male,Student,Puzzle,1.0,7.0,Night,4.6,2.0,4.0,91.0,89.0,Neutral
U0345,23.0,Male,Student,Puzzle,2.8,19.6,Night,4.6,2.0,6.0,63.0,68.0,Neutral
U0346,32.0,Female,Student,Sports,4.9,34.3,Evening,5.7,6.0,6.0,79.0,79.0,Negative
U0347,34.0,Female,Working Professional,Puzzle,4.2,29.4,Night,7.8,8.0,7.0,61.0,56.0,Neutral
U0348,26.0,Female,Student,Strategy,1.1,7.7,Night,4.8,6.0,8.0,75.0,74.0,Neutral
U0349,22.0,Male,Working Professional,Puzzle,4.7,32.9,Evening,8.1,8.0,8.0,75.0,80.0,Neutral
U0350,28.0,Male,Working Professional,Casual,5.5,38.5,Evening,6.1,2.0,7.0,91.0,89.0,Neutral
U0351,22.0,Female,Student,Casual,3.3,23.1,Evening,7.9,4.0,5.0,61.0,63.0,Neutral
U0352,28.0,Female,Working Professional,Simulation,4.1,28.7,Evening,5.4,5.0,8.0,74.0,75.0,Negative
U0353,20.0,Female,Student,Simulation,3.1,21.7,Morning,5.0,2.0,9.0,95.0,99.0,Neutral
U0354,,Male,Working Professional,Sports,5.3,37.1,Night,6.0,6.0,6.0,58.0,55.0,Neutral
U0355,33.0,Female,Student,Puzzle,5.4,37.8,Night,8.4,4.0,5.0,66.0,62.0,Neutral
U0356,23.0,Female,Student,Strategy,0.8,5.6,Night,6.3,5.0,9.0,65.0,69.0,Neutral
U0357,19.0,Male,Working Professional,Action,2.9,20.3,Evening,6.2,8.0,6.0,79.0,74.0,Neutral
U0358,25.0,Male,Working Professional,Puzzle,4.7,32.9,Morning,6.6,2.0,8.0,55.0,60.0,Neutral
U0359,27.0,Female,Working Professional,Casual,1.1,7.7,Night,6.5,6.0,4.0,59.0,54.0,Neutral
U0360,24.0,Male,Working Professional,Action,3.8,26.6,Morning,5.9,4.0,5.0,86.0,86.0,Neutral
U0361,34.0,Male,Student,Puzzle,1.7,11.9,Night,8.4,5.0,8.0,56.0,60.0,Positive
U0362,19.0,Male,,Casual,4.1,28.7,Morning,4.6,6.0,9.0,89.0,93.0,Negative
U0363,26.0,Female,Student,Strategy,0.8,5.6,Night,5.0,9.0,6.0,62.0,65.0,Neutral
U0364,34.0,Female,Student,,4.3,30.1,Morning,,8.0,8.0,61.0,66.0,Negative
U0365,24.0,Male,Working Professional,Simulation,3.3,23.1,Morning,7.0,6.0,3.0,61.0,63.0,Neutral
U0366,24.0,Female,Working Professional,Strategy,2.5,17.5,Morning,6.1,4.0,3.0,90.0,92.0,Neutral
U0367,33.0,Male,Student,Simulation,0.6,4.2,Morning,4.9,3.0,9.0,91.0,96.0,Neutral
U0368,27.0,Female,Working Professional,Action,,31.5,Morning,4.9,6.0,8.0,69.0,,Negative
U0369,21.0,Male,Student,Action,5.0,35.0,Morning,8.0,6.0,5.0,75.0,76.0,Neutral
U0370,20.0,Female,Working Professional,,,28.7,Morning,5.2,7.0,6.0,94.0,93.0,Negative
U0371,31.0,Male,Student,Strategy,2.7,18.9,Night,8.3,6.0,9.0,79.0,81.0,Neutral
,33.0,Female,,Simulation,4.5,31.5,Evening,8.4,4.0,3.0,81.0,85.0,
U0373,31.0,Female,Student,Action,4.8,33.6,Evening,6.9,4.0,6.0,86.0,82.0,Neutral
U0374,34.0,,Working Professional,Casual,4.1,28.7,Night,4.5,5.0,8.0,76.0,79.0,Negative
U0375,,Male,Student,Simulation,,13.3,Evening,5.9,8.0,4.0,90.0,94.0,Neutral
U0376,25.0,Female,Working Professional,Action,5.2,36.4,Night,8.0,3.0,9.0,86.0,86.0,Neutral
U0377,32.0,Female,Working Professional,Action,1.7,11.9,Evening,7.1,8.0,,70.0,66.0,Positive
U0378,30.0,Female,Student,,3.0,21.0,Night,5.0,9.0,8.0,56.0,52.0,Neutral
U0379,32.0,Female,Working Professional,Action,0.5,3.5,Morning,4.9,6.0,7.0,90.0,88.0,Neutral
U0380,21.0,Male,Student,Action,5.1,35.7,Evening,5.8,9.0,8.0,78.0,80.0,Negative
U0381,21.0,,Student,Sports,2.5,17.5,Morning,7.0,6.0,7.0,88.0,88.0,Neutral
U0382,24.0,Male,Student,Sports,5.0,35.0,Morning,7.5,8.0,3.0,71.0,75.0,Neutral
U0383,21.0,Female,Working Professional,Casual,,21.0,Night,7.6,7.0,3.0,81.0,76.0,Neutral
U0384,35.0,Female,Working Professional,Simulation,5.8,40.6,Morning,5.0,9.0,3.0,88.0,83.0,Negative
U0385,28.0,,Working Professional,Simulation,4.3,30.1,Night,5.2,4.0,3.0,79.0,84.0,Negative
U0386,,Female,Working Professional,Casual,,32.9,Night,5.6,7.0,5.0,,80.0,Negative
U0387,27.0,Female,Student,Casual,5.2,36.4,Night,7.3,5.0,4.0,68.0,72.0,Neutral
U0388,35.0,Female,Working Professional,Casual,5.9,41.3,Night,5.2,7.0,8.0,62.0,62.0,Negative
U0389,,Male,Working Professional,Strategy,5.4,37.8,Morning,6.6,8.0,9.0,55.0,58.0,Neutral
U0390,19.0,Female,Student,Simulation,4.2,29.4,Morning,5.3,4.0,5.0,71.0,68.0,Negative
U0391,25.0,Female,Student,Sports,2.5,17.5,Evening,6.3,5.0,8.0,90.0,91.0,Neutral
U0392,26.0,Male,Working Professional,Strategy,2.8,19.6,Night,7.7,7.0,7.0,58.0,53.0,Neutral
U0393,32.0,Male,Student,Strategy,4.4,30.8,Morning,7.1,5.0,9.0,67.0,66.0,Neutral
,26.0,Male,Student,Simulation,4.5,31.5,Evening,5.0,2.0,6.0,72.0,75.0,Negative
U0395,19.0,Female,Working Professional,Simulation,0.5,3.5,Night,6.4,4.0,3.0,64.0,64.0,Neutral
U0396,34.0,Male,Student,Sports,2.5,17.5,Night,7.6,7.0,7.0,69.0,,Neutral
U0397,29.0,,Student,Simulation,3.5,24.5,Night,4.9,5.0,4.0,76.0,76.0,Neutral
U0398,25.0,,Student,Casual,3.1,21.7,Evening,6.7,2.0,3.0,77.0,79.0,Neutral
U0399,27.0,Male,Working Professional,Simulation,2.6,18.2,Night,7.7,3.0,6.0,71.0,,Neutral
U0400,21.0,Male,Student,Casual,3.0,21.0,Morning,4.7,5.0,5.0,87.0,83.0,Neutral
U0401,24.0,Female,Student,Casual,1.7,11.9,Night,7.0,5.0,9.0,82.0,78.0,Positive
U0402,19.0,Male,Working Professional,Simulation,1.3,9.1,Morning,6.3,7.0,3.0,60.0,56.0,Neutral
U0403,30.0,Female,Working Professional,Action,3.7,25.9,Evening,5.4,6.0,6.0,79.0,81.0,Neutral
U0404,20.0,Female,Student,Puzzle,4.2,29.4,Night,6.6,3.0,9.0,92.0,87.0,Neutral
U0405,18.0,Female,Student,Simulation,2.2,,Morning,4.8,9.0,6.0,80.0,85.0,Neutral
U0406,29.0,Male,Student,Action,1.3,9.1,Morning,6.1,6.0,8.0,64.0,63.0,Neutral
U0407,24.0,Female,Student,Strategy,0.5,3.5,Morning,6.9,3.0,5.0,68.0,68.0,Neutral
U0408,19.0,Female,Student,Puzzle,1.7,11.9,Night,,5.0,,66.0,71.0,Positive
U0409,25.0,Male,Working Professional,,0.9,6.3,Morning,4.9,9.0,5.0,77.0,74.0,Neutral
U0410,27.0,Male,Working Professional,Puzzle,5.5,38.5,Evening,5.8,,5.0,94.0,99.0,Negative
U0411,29.0,Male,Working Professional,Sports,1.4,9.8,Evening,5.8,5.0,8.0,82.0,81.0,Neutral
U0412,20.0,Female,Student,Simulation,2.9,20.3,Morning,7.6,9.0,7.0,61.0,,Neutral
U0413,34.0,Male,Working Professional,Simulation,1.9,13.3,Morning,8.0,3.0,8.0,59.0,54.0,Positive
U0414,30.0,Male,Working Professional,Strategy,5.5,38.5,Evening,6.7,9.0,8.0,64.0,64.0,Neutral
U0415,25.0,Male,Student,Sports,3.3,23.1,Morning,4.9,7.0,7.0,55.0,60.0,Neutral
U0416,19.0,Male,Working Professional,Strategy,1.5,10.5,Morning,8.3,4.0,8.0,85.0,85.0,Positive
U0417,33.0,Female,Student,Action,2.0,14.0,Night,5.4,5.0,7.0,78.0,79.0,Neutral
U0418,35.0,Male,Working Professional,Casual,2.3,16.1,Evening,7.3,6.0,9.0,71.0,75.0,Neutral
U0419,25.0,Female,Working Professional,Puzzle,2.5,17.5,Evening,7.1,3.0,7.0,71.0,72.0,Neutral
U0420,23.0,Male,Student,Simulation,4.9,34.3,Night,8.0,2.0,7.0,63.0,65.0,Neutral
U0421,,,Working Professional,Casual,2.0,14.0,Morning,5.1,,5.0,93.0,89.0,Neutral
U0422,31.0,Male,Student,Action,3.1,21.7,Morning,6.4,5.0,7.0,65.0,70.0,Neutral
,23.0,Female,Student,Simulation,3.7,25.9,Evening,5.1,2.0,7.0,64.0,59.0,Neutral
U0424,24.0,Female,Working Professional,Sports,3.8,26.6,Morning,6.8,2.0,8.0,73.0,69.0,Neutral
U0425,34.0,Female,Student,Casual,1.7,11.9,Night,6.1,4.0,,92.0,89.0,
U0426,22.0,Male,Student,Strategy,2.4,16.8,Night,6.3,3.0,4.0,79.0,80.0,Neutral
,21.0,Male,Working Professional,Simulation,5.2,36.4,Night,6.5,8.0,9.0,64.0,68.0,Neutral
U0428,22.0,Male,Working Professional,Simulation,0.7,4.9,Evening,7.6,3.0,3.0,85.0,90.0,Positive
U0429,29.0,Male,Working Professional,Strategy,2.5,17.5,Evening,4.7,8.0,4.0,,86.0,Neutral
U0430,31.0,Female,Student,Action,3.1,21.7,Night,5.4,3.0,5.0,,96.0,Neutral
U0431,24.0,Female,Working Professional,,4.6,32.2,Morning,4.5,3.0,7.0,55.0,56.0,Negative
U0432,29.0,Female,Working Professional,Strategy,1.4,9.8,Evening,7.1,6.0,5.0,89.0,90.0,Positive
U0433,33.0,Female,Working Professional,Simulation,3.5,24.5,Evening,6.7,4.0,5.0,90.0,93.0,Neutral
U0434,32.0,Male,Student,Strategy,,33.6,Night,6.1,4.0,9.0,62.0,60.0,Neutral
U0435,18.0,Male,Student,Sports,2.7,18.9,Night,5.9,2.0,4.0,79.0,84.0,Neutral
U0436,19.0,Female,Working Professional,Simulation,2.9,20.3,Night,4.8,5.0,5.0,60.0,64.0,Neutral
U0437,33.0,Female,Student,Strategy,3.4,23.8,Night,7.3,2.0,9.0,66.0,71.0,Neutral
U0438,34.0,Male,Student,Casual,5.6,39.2,Morning,6.6,5.0,3.0,93.0,96.0,
U0439,29.0,Female,Working Professional,,2.5,17.5,Morning,7.1,,,72.0,73.0,Neutral
U0440,35.0,Female,Working Professional,Puzzle,3.3,23.1,Morning,7.4,3.0,3.0,90.0,89.0,Neutral
U0441,23.0,Female,Student,Simulation,,26.6,Morning,5.3,8.0,7.0,55.0,54.0,Neutral
,35.0,Female,Working Professional,Sports,3.3,23.1,Night,5.9,3.0,9.0,87.0,86.0,Neutral
U0443,32.0,Male,Working Professional,Action,3.2,22.4,Evening,5.5,7.0,9.0,84.0,89.0,Neutral
,31.0,Female,Student,Casual,0.9,6.3,Evening,7.0,5.0,8.0,69.0,69.0,Positive
U0445,33.0,Female,Working Professional,Strategy,1.9,13.3,Night,4.9,7.0,3.0,90.0,87.0,Neutral
U0446,25.0,Female,Student,Strategy,2.0,14.0,Morning,8.3,5.0,6.0,67.0,65.0,Positive
U0447,20.0,Female,Student,Simulation,5.1,35.7,,7.8,7.0,4.0,61.0,57.0,Neutral
U0448,33.0,Male,Working Professional,Sports,5.2,36.4,Morning,6.0,7.0,6.0,91.0,90.0,Neutral
U0449,34.0,Female,Working Professional,Casual,4.6,32.2,Morning,5.0,8.0,6.0,89.0,84.0,Negative
U0450,24.0,Female,Student,Puzzle,3.0,21.0,Evening,5.0,9.0,5.0,55.0,50.0,Neutral
U0451,28.0,Female,Student,Sports,3.9,27.3,Evening,5.5,6.0,4.0,72.0,74.0,Neutral
U0452,32.0,Male,Student,Simulation,1.7,11.9,Night,7.3,7.0,5.0,80.0,79.0,Positive
U0453,31.0,Female,Student,Strategy,1.8,12.6,Night,4.9,6.0,9.0,70.0,73.0,Neutral
U0454,34.0,Female,Working Professional,Puzzle,1.3,9.1,Evening,7.7,4.0,6.0,86.0,83.0,Positive
U0455,24.0,Female,Working Professional,Casual,3.6,25.2,Morning,6.8,8.0,3.0,65.0,60.0,Neutral
U0456,26.0,Female,Student,Sports,3.0,21.0,Morning,5.8,7.0,5.0,90.0,93.0,Neutral
U0457,35.0,Male,Working Professional,Puzzle,2.4,16.8,Evening,7.2,5.0,7.0,91.0,96.0,Neutral
U0458,27.0,Female,Student,Strategy,4.2,29.4,Night,6.4,9.0,3.0,79.0,83.0,Neutral
U0459,23.0,Female,Student,Puzzle,4.9,34.3,Evening,5.8,8.0,9.0,59.0,55.0,Negative
U0460,34.0,Female,Working Professional,Strategy,4.1,28.7,Morning,7.3,8.0,5.0,83.0,83.0,Neutral
U0461,24.0,Male,Working Professional,Action,5.2,36.4,Morning,5.0,5.0,8.0,71.0,67.0,Negative
U0462,20.0,Male,Working Professional,Simulation,0.9,6.3,Morning,8.0,2.0,3.0,80.0,83.0,Positive
U0463,27.0,Female,Student,Strategy,1.0,7.0,Night,8.2,8.0,5.0,69.0,67.0,Positive
U0464,,Female,Working Professional,Strategy,5.1,35.7,Night,4.6,7.0,9.0,75.0,77.0,Negative
U0465,31.0,Female,Working Professional,Sports,3.5,24.5,Night,6.9,9.0,8.0,95.0,99.0,Neutral
U0466,22.0,Female,Student,Action,1.7,11.9,Night,4.9,6.0,5.0,81.0,80.0,Neutral
U0467,18.0,Female,Working Professional,Puzzle,5.0,35.0,Morning,7.9,7.0,5.0,85.0,88.0,Neutral
U0468,,Male,Working Professional,Simulation,4.7,32.9,Evening,7.7,5.0,9.0,55.0,58.0,Neutral
U0469,26.0,Male,Working Professional,Casual,2.7,18.9,Morning,5.2,8.0,,79.0,77.0,Neutral
U0470,31.0,Male,Student,Strategy,3.3,23.1,Morning,7.7,6.0,5.0,89.0,88.0,Neutral
U0471,24.0,Female,Student,Strategy,2.1,14.7,Morning,7.0,9.0,5.0,94.0,,Neutral
U0472,32.0,Male,Student,Action,5.8,40.6,Morning,4.6,3.0,5.0,72.0,69.0,Negative
U0473,32.0,Male,Working Professional,Action,0.6,4.2,Morning,5.4,8.0,5.0,86.0,86.0,Neutral
U0474,24.0,Female,Working Professional,Action,0.8,,Morning,7.6,3.0,7.0,85.0,82.0,Positive
U0475,19.0,Male,Working Professional,Casual,5.9,41.3,Morning,7.4,8.0,9.0,83.0,81.0,Neutral
U0476,23.0,Male,Student,Puzzle,3.4,23.8,Evening,8.4,9.0,6.0,74.0,74.0,Neutral
U0477,25.0,Female,Working Professional,Action,4.0,28.0,Morning,,2.0,9.0,68.0,64.0,Negative
U0478,19.0,Female,Student,Puzzle,4.9,34.3,Morning,6.8,8.0,9.0,70.0,65.0,Neutral
,19.0,Female,Student,Casual,1.9,13.3,Night,6.5,7.0,9.0,95.0,90.0,Neutral
U0480,29.0,Female,Student,Action,4.9,34.3,Night,5.0,5.0,5.0,90.0,95.0,Negative
U0481,35.0,Female,Working Professional,Strategy,2.6,18.2,Night,7.4,6.0,3.0,86.0,88.0,Neutral
U0482,23.0,Male,Student,Sports,1.5,10.5,Evening,5.9,9.0,5.0,93.0,96.0,Neutral
U0483,30.0,Male,Student,Simulation,5.0,35.0,Evening,6.7,9.0,3.0,95.0,98.0,Neutral
U0484,24.0,Female,Student,Simulation,4.8,33.6,Evening,5.5,3.0,8.0,89.0,90.0,Negative
U0485,20.0,Male,Student,Strategy,2.3,16.1,Morning,7.1,3.0,3.0,88.0,93.0,Neutral
U0486,30.0,Female,Working Professional,Action,1.6,11.2,Evening,6.4,3.0,,91.0,96.0,Neutral
U0487,32.0,Male,Working Professional,Simulation,1.7,11.9,Night,7.4,2.0,4.0,86.0,82.0,Positive
,26.0,Male,Student,Puzzle,5.7,39.9,Morning,6.2,7.0,9.0,58.0,62.0,Neutral
U0489,30.0,Male,Student,Simulation,5.7,39.9,Night,8.3,3.0,3.0,69.0,72.0,Neutral
U0490,21.0,Female,Working Professional,Casual,1.9,13.3,Night,7.0,4.0,7.0,90.0,91.0,Positive
U0491,28.0,Male,Working Professional,Puzzle,2.8,19.6,Evening,4.9,4.0,7.0,80.0,83.0,Neutral
U0492,28.0,Male,Student,Sports,3.5,24.5,Night,8.5,7.0,6.0,,96.0,Neutral
U0493,19.0,Female,Student,Simulation,5.6,39.2,Morning,5.5,9.0,6.0,80.0,75.0,Negative
U0494,18.0,Female,Student,Action,6.0,42.0,Morning,5.7,6.0,4.0,68.0,68.0,Negative
U0495,25.0,Female,Working Professional,Action,3.0,21.0,Night,5.1,6.0,5.0,92.0,90.0,Neutral
U0496,23.0,Female,Student,Simulation,2.7,,Night,8.2,3.0,8.0,75.0,77.0,Neutral
U0497,29.0,Female,Working Professional,Action,2.2,15.4,Morning,7.4,8.0,3.0,58.0,58.0,Neutral
U0498,19.0,Female,Student,Puzzle,4.6,32.2,Night,7.9,2.0,8.0,95.0,96.0,Neutral
U0499,30.0,Female,Student,Strategy,3.6,,Evening,5.8,5.0,4.0,58.0,63.0,Neutral
U0500,19.0,Female,Working Professional,,2.1,14.7,Evening,6.1,4.0,5.0,60.0,62.0,Neutral
U0501,35.0,Male,Working Professional,Sports,3.3,23.1,Night,7.6,4.0,9.0,63.0,65.0,Neutral
U0502,31.0,Female,Student,Action,3.6,25.2,Night,6.7,5.0,4.0,59.0,58.0,Neutral
U0503,18.0,Female,Student,Puzzle,2.8,,Night,6.0,5.0,5.0,77.0,81.0,Neutral
U0504,24.0,Female,Student,Casual,5.0,35.0,Morning,7.7,,6.0,57.0,55.0,Neutral
U0505,28.0,Male,Working Professional,Sports,1.1,7.7,Evening,4.7,4.0,9.0,73.0,68.0,Neutral
U0506,26.0,Female,Student,Casual,0.6,4.2,Night,5.3,5.0,4.0,89.0,92.0,Neutral
U0507,27.0,Male,Working Professional,,4.2,29.4,Evening,6.0,2.0,5.0,65.0,60.0,Neutral
U0508,29.0,Male,Student,Puzzle,4.1,28.7,Night,4.5,8.0,8.0,72.0,77.0,Negative
U0509,35.0,Male,Student,Strategy,2.6,18.2,Night,8.4,3.0,5.0,86.0,90.0,Neutral
U0510,27.0,Female,Working Professional,Sports,5.8,40.6,Night,6.7,2.0,3.0,70.0,73.0,Neutral
U0511,25.0,Female,Student,Casual,1.4,9.8,Evening,5.9,7.0,5.0,95.0,94.0,Neutral
U0512,22.0,Female,Working Professional,Casual,5.3,37.1,Morning,8.1,2.0,7.0,72.0,70.0,Neutral
U0513,22.0,Female,Working Professional,Simulation,1.0,7.0,Evening,6.0,5.0,6.0,70.0,74.0,Neutral
U0514,24.0,Male,Working Professional,Casual,3.0,21.0,Night,5.0,4.0,7.0,89.0,94.0,Neutral
U0515,23.0,Female,Student,Simulation,5.4,37.8,Night,8.1,8.0,9.0,64.0,69.0,Neutral
U0516,28.0,Female,Working Professional,Puzzle,5.7,39.9,Evening,5.0,7.0,9.0,64.0,59.0,Negative
U0517,22.0,Male,Student,Simulation,4.6,32.2,Night,7.8,,4.0,67.0,63.0,Neutral
U0518,18.0,Female,Student,Casual,2.0,14.0,Evening,6.8,5.0,7.0,69.0,67.0,Neutral
U0519,30.0,Female,Working Professional,Strategy,1.2,8.4,Morning,7.9,9.0,8.0,78.0,75.0,Positive
U0520,24.0,Male,Student,Strategy,1.6,11.2,Evening,4.6,2.0,5.0,81.0,79.0,Neutral
U0521,31.0,Female,Student,Simulation,5.3,37.1,Night,6.5,7.0,9.0,84.0,,Neutral
U0522,35.0,Male,Student,Sports,5.0,35.0,Evening,7.4,8.0,7.0,91.0,95.0,Neutral
U0523,19.0,Female,Student,Strategy,5.0,35.0,Evening,4.7,5.0,7.0,89.0,90.0,Negative
U0524,27.0,Male,Student,Sports,2.9,20.3,Night,,6.0,6.0,65.0,66.0,Neutral
U0525,22.0,Female,Working Professional,Puzzle,3.0,21.0,Evening,7.4,3.0,,92.0,,Neutral
U0526,28.0,Male,Student,Action,0.6,4.2,Morning,6.3,5.0,6.0,60.0,59.0,Neutral
U0527,23.0,Female,Working Professional,Action,4.4,30.8,Morning,7.0,3.0,7.0,79.0,82.0,Neutral
U0528,,Female,Working Professional,,5.5,38.5,Night,6.8,,4.0,64.0,,Neutral
U0529,18.0,Female,Student,Sports,4.7,32.9,,6.3,4.0,3.0,63.0,61.0,Neutral
U0530,,Female,,Sports,5.2,36.4,Evening,6.7,2.0,7.0,86.0,84.0,Neutral
U0531,35.0,Male,Student,Strategy,0.9,6.3,Morning,6.9,5.0,7.0,72.0,76.0,Neutral
U0532,27.0,Female,Student,Action,0.8,5.6,Morning,5.9,4.0,9.0,57.0,62.0,Neutral
U0533,35.0,Male,Working Professional,Casual,2.8,19.6,Night,5.2,6.0,7.0,93.0,97.0,Neutral
U0534,20.0,Female,Student,Puzzle,2.5,17.5,Evening,4.6,6.0,5.0,78.0,79.0,Neutral
U0535,34.0,Male,Student,Simulation,1.2,8.4,,7.3,6.0,5.0,88.0,89.0,Positive
U0536,31.0,Female,Working Professional,Simulation,1.1,7.7,Night,7.4,3.0,6.0,93.0,92.0,Positive
U0537,34.0,Female,Working Professional,Strategy,6.0,42.0,Night,5.9,4.0,7.0,91.0,93.0,Negative
U0538,32.0,Male,Student,Simulation,1.8,12.6,Evening,5.7,5.0,3.0,62.0,57.0,Neutral
,27.0,Female,Student,Puzzle,2.8,19.6,Evening,5.8,5.0,3.0,95.0,93.0,Neutral
U0540,30.0,Male,Student,Strategy,3.3,23.1,Evening,5.8,2.0,3.0,76.0,76.0,Neutral
U0541,22.0,Female,Student,Casual,5.1,35.7,Evening,8.2,9.0,6.0,57.0,62.0,Neutral
U0542,34.0,Female,Working Professional,Simulation,5.4,37.8,Night,6.6,,6.0,81.0,76.0,Neutral
U0543,22.0,Female,Student,Puzzle,0.6,4.2,Evening,6.8,7.0,,77.0,73.0,Neutral
U0544,,Female,Student,Puzzle,3.9,27.3,Evening,7.9,8.0,4.0,93.0,89.0,Neutral
U0545,34.0,Female,Student,Action,1.0,,Evening,8.0,7.0,6.0,74.0,72.0,Positive
,33.0,Male,Student,Puzzle,4.8,33.6,Evening,7.6,3.0,6.0,87.0,82.0,Neutral
U0547,22.0,Male,Student,Sports,4.5,31.5,Evening,6.6,7.0,4.0,61.0,64.0,Neutral
U0548,20.0,Female,Working Professional,Action,4.4,30.8,Morning,6.6,2.0,5.0,57.0,62.0,Neutral
U0549,,Female,Student,Strategy,3.4,23.8,Evening,7.1,6.0,3.0,91.0,90.0,Neutral
U0550,22.0,Male,Working Professional,Action,2.0,14.0,Morning,5.8,9.0,8.0,62.0,61.0,Neutral
U0551,35.0,Female,Working Professional,Strategy,5.8,40.6,Night,6.7,3.0,4.0,89.0,89.0,Neutral
U0552,28.0,Female,Student,Strategy,4.9,34.3,Morning,6.8,4.0,3.0,74.0,78.0,Neutral
U0553,31.0,Female,Student,Casual,3.1,21.7,Night,7.2,3.0,,58.0,54.0,
U0554,28.0,Male,Student,Sports,5.4,37.8,Night,7.0,9.0,7.0,77.0,76.0,Neutral
U0555,32.0,Female,Student,Strategy,1.2,8.4,Morning,7.8,9.0,3.0,84.0,83.0,Positive
U0556,28.0,Female,Working Professional,Sports,5.2,36.4,Morning,7.0,7.0,6.0,66.0,71.0,Neutral
U0557,29.0,Male,Student,Sports,0.9,6.3,Night,5.0,9.0,6.0,65.0,64.0,Neutral
U0558,32.0,Female,Working Professional,Strategy,4.9,34.3,Night,5.8,3.0,9.0,74.0,77.0,Negative
U0559,24.0,Female,Working Professional,Simulation,1.8,12.6,Evening,5.1,9.0,6.0,59.0,59.0,Neutral
U0560,21.0,Female,Working Professional,Simulation,3.5,24.5,Morning,5.4,3.0,8.0,91.0,93.0,Neutral
,30.0,Female,Working Professional,Casual,5.0,,Night,5.2,8.0,3.0,93.0,89.0,Negative
U0562,22.0,Male,Working Professional,Simulation,0.8,5.6,Evening,5.4,4.0,,95.0,90.0,Neutral
U0563,27.0,Female,Working Professional,Action,2.6,18.2,Night,6.8,5.0,,75.0,74.0,Neutral
,19.0,Female,Student,Action,0.5,3.5,Night,8.4,8.0,9.0,63.0,62.0,Positive
U0565,25.0,Female,Working Professional,Casual,3.6,25.2,Evening,8.4,3.0,9.0,73.0,68.0,Neutral
U0566,23.0,,Student,Strategy,4.4,30.8,Night,6.1,8.0,7.0,68.0,73.0,Neutral
U0567,22.0,Male,Student,Action,2.6,18.2,Night,8.2,8.0,4.0,73.0,78.0,Neutral
U0568,20.0,Male,,Sports,,4.2,Night,7.4,9.0,8.0,82.0,79.0,Positive
U0569,35.0,Female,Working Professional,Puzzle,3.8,26.6,Morning,6.2,4.0,6.0,87.0,88.0,Neutral
,26.0,Female,Working Professional,Action,1.5,10.5,Morning,6.9,9.0,9.0,70.0,73.0,Neutral
U0571,22.0,Female,Working Professional,Simulation,3.6,25.2,Morning,7.3,3.0,7.0,85.0,81.0,Neutral
U0572,20.0,Female,Student,Puzzle,3.4,23.8,Night,6.9,5.0,6.0,95.0,100.0,Neutral
U0573,29.0,Female,,Strategy,4.8,33.6,Morning,6.4,9.0,,76.0,77.0,Neutral
U0574,19.0,Female,Student,Simulation,4.3,30.1,Morning,6.9,6.0,8.0,91.0,90.0,Neutral
U0575,22.0,Male,,,4.1,28.7,Morning,5.7,2.0,5.0,86.0,82.0,Negative
U0576,23.0,Male,Working Professional,Puzzle,3.9,27.3,Morning,5.6,6.0,3.0,62.0,66.0,
U0577,28.0,Male,Student,Simulation,1.9,13.3,Morning,7.3,9.0,4.0,88.0,83.0,Positive
U0578,32.0,Male,Student,Simulation,5.1,35.7,Night,7.5,8.0,9.0,79.0,77.0,Neutral
U0579,23.0,,Working Professional,Sports,5.1,35.7,Evening,4.7,6.0,9.0,62.0,57.0,Negative
U0580,26.0,Male,Working Professional,Action,3.1,,,,5.0,6.0,79.0,81.0,Neutral
U0581,35.0,Female,Working Professional,Simulation,5.6,39.2,Night,6.3,7.0,7.0,57.0,53.0,Neutral
U0582,30.0,Female,Student,Casual,5.2,,Night,5.8,6.0,9.0,61.0,60.0,Negative
U0583,35.0,Male,Student,Action,3.7,25.9,Morning,5.3,7.0,8.0,66.0,66.0,Neutral
U0584,26.0,Male,Student,Action,2.8,,Night,6.6,9.0,5.0,69.0,68.0,Neutral
U0585,21.0,Male,Student,Sports,1.0,7.0,Night,8.3,5.0,7.0,95.0,91.0,Positive
U0586,27.0,Female,Student,Casual,4.7,32.9,Evening,7.1,4.0,3.0,66.0,65.0,Neutral
U0587,23.0,Male,Working Professional,Action,5.6,39.2,Evening,5.6,8.0,8.0,75.0,74.0,Negative
U0588,32.0,Male,Working Professional,Strategy,2.6,18.2,Night,8.5,6.0,9.0,71.0,68.0,Neutral
U0589,24.0,,Working Professional,Casual,2.7,18.9,Evening,7.1,3.0,4.0,89.0,90.0,Neutral
U0590,33.0,Male,Student,Action,1.1,7.7,Night,4.8,6.0,9.0,83.0,78.0,Neutral
U0591,34.0,Female,Working Professional,Sports,2.6,18.2,Evening,5.1,7.0,6.0,91.0,86.0,
U0592,30.0,Female,Student,Simulation,5.1,35.7,Night,7.6,3.0,7.0,69.0,64.0,Neutral
U0593,20.0,Female,Working Professional,Action,5.6,39.2,Evening,5.9,6.0,6.0,58.0,63.0,Negative
U0594,30.0,Male,Working Professional,Casual,4.7,,Evening,5.7,5.0,4.0,90.0,85.0,Negative
U0595,32.0,Male,Student,Action,5.4,37.8,Morning,7.0,7.0,6.0,60.0,65.0,Neutral
U0596,35.0,Female,Working Professional,Simulation,0.6,4.2,Evening,8.5,5.0,6.0,79.0,75.0,Positive
U0597,30.0,Male,Student,Casual,5.8,40.6,Night,4.6,7.0,3.0,76.0,71.0,
U0598,20.0,Male,Student,Sports,3.4,23.8,Night,8.3,4.0,8.0,92.0,90.0,Neutral
,23.0,Male,Working Professional,Action,0.6,4.2,Evening,8.1,2.0,4.0,63.0,,Positive
U0600,33.0,,,Strategy,3.9,27.3,Evening,7.8,3.0,9.0,61.0,57.0,Neutral
U0601,,Male,,Strategy,2.4,16.8,Morning,7.8,8.0,5.0,62.0,67.0,Neutral
U0602,23.0,Female,Student,Sports,3.8,26.6,Morning,5.8,3.0,5.0,,65.0,Neutral
U0603,30.0,Male,Student,Sports,5.6,39.2,Morning,,3.0,9.0,95.0,99.0,Negative
U0604,31.0,Female,Student,Strategy,0.5,3.5,Morning,5.2,3.0,8.0,92.0,91.0,Neutral
U0605,19.0,Male,Working Professional,Simulation,4.0,28.0,Morning,6.6,8.0,4.0,66.0,70.0,
U0606,25.0,Male,Student,Simulation,3.9,27.3,Morning,7.6,7.0,6.0,55.0,58.0,Neutral
U0607,24.0,Female,Student,Strategy,3.9,27.3,Morning,8.0,5.0,6.0,95.0,100.0,Neutral
U0608,19.0,Male,Working Professional,Puzzle,,34.3,Morning,7.2,9.0,6.0,66.0,63.0,
U0609,,Male,Student,Action,2.9,20.3,Evening,5.8,9.0,3.0,61.0,56.0,Neutral
U0610,28.0,Female,Student,Casual,3.3,23.1,Night,4.8,5.0,8.0,83.0,87.0,Neutral
U0611,25.0,Female,Student,Sports,5.4,37.8,Morning,5.4,3.0,5.0,69.0,65.0,Negative
U0612,32.0,Male,Working Professional,,0.9,6.3,Morning,6.8,2.0,6.0,64.0,62.0,Neutral
U0613,22.0,Male,Student,Puzzle,,21.0,Morning,5.3,7.0,,67.0,67.0,Neutral
U0614,27.0,Male,Student,Simulation,1.1,7.7,Night,6.4,8.0,4.0,76.0,74.0,Neutral
U0615,33.0,Female,Working Professional,Action,5.2,,Night,4.8,9.0,9.0,68.0,72.0,Negative
U0616,25.0,Male,Student,Sports,2.9,20.3,Morning,8.0,5.0,5.0,82.0,86.0,Neutral
U0617,33.0,Male,Working Professional,Sports,0.7,4.9,Morning,6.4,2.0,6.0,88.0,89.0,Neutral
U0618,27.0,Male,Student,Action,1.0,7.0,Evening,7.5,8.0,4.0,63.0,,Positive
U0619,18.0,Female,Working Professional,Strategy,4.2,29.4,Night,5.1,9.0,9.0,91.0,95.0,Negative
U0620,18.0,Male,Working Professional,Casual,2.7,18.9,Evening,7.7,7.0,8.0,84.0,89.0,Neutral
U0621,24.0,Male,Working Professional,Casual,3.4,23.8,Morning,5.7,6.0,8.0,94.0,97.0,Neutral
U0622,29.0,Female,Student,Puzzle,3.3,23.1,Evening,8.1,7.0,3.0,62.0,63.0,Neutral
U0623,28.0,Male,Student,Casual,1.5,10.5,Evening,6.7,3.0,7.0,68.0,65.0,Neutral
U0624,29.0,Female,Working Professional,Puzzle,4.6,32.2,Morning,7.5,5.0,9.0,69.0,69.0,Neutral
U0625,33.0,Female,Working Professional,Simulation,0.8,5.6,Evening,,9.0,7.0,88.0,84.0,Neutral
U0626,20.0,Female,Student,Puzzle,4.9,34.3,Morning,8.3,3.0,4.0,84.0,80.0,Neutral
U0627,34.0,Male,Working Professional,Sports,1.1,7.7,Night,5.6,4.0,6.0,64.0,62.0,Neutral
U0628,18.0,Female,Student,Action,3.5,24.5,Morning,5.0,7.0,6.0,83.0,88.0,Neutral
U0629,28.0,Female,Working Professional,Sports,5.3,37.1,Evening,5.4,7.0,6.0,92.0,,Negative
U0630,33.0,Female,Working Professional,Action,3.6,25.2,Morning,8.1,6.0,4.0,71.0,69.0,Neutral
U0631,27.0,Male,Student,Casual,2.4,16.8,Night,,4.0,7.0,65.0,68.0,Neutral
U0632,28.0,Male,Working Professional,Puzzle,5.5,38.5,Evening,7.7,4.0,4.0,62.0,,Neutral
U0633,22.0,Female,Working Professional,Simulation,1.5,10.5,Morning,6.7,2.0,8.0,75.0,75.0,Neutral
U0634,32.0,Female,Student,Action,3.4,23.8,Night,,2.0,6.0,86.0,83.0,Neutral
U0635,22.0,Female,Working Professional,Casual,3.5,24.5,Morning,6.5,6.0,6.0,73.0,77.0,Neutral
U0636,27.0,Male,Working Professional,Simulation,4.5,31.5,Morning,8.1,4.0,8.0,90.0,86.0,Neutral
U0637,34.0,Male,Working Professional,Strategy,3.0,21.0,Morning,4.9,2.0,,67.0,71.0,Neutral
U0638,33.0,Female,Student,Casual,1.0,7.0,Evening,7.9,3.0,7.0,80.0,,Positive
U0639,18.0,Female,Working Professional,Puzzle,2.7,18.9,Evening,7.4,8.0,5.0,79.0,79.0,Neutral
U0640,32.0,Female,Student,Casual,5.9,41.3,Evening,8.0,3.0,4.0,,84.0,Neutral
U0641,33.0,Female,Student,Simulation,,31.5,Evening,6.2,3.0,4.0,68.0,67.0,Neutral
U0642,32.0,Male,Student,Strategy,1.0,7.0,Evening,6.1,6.0,6.0,66.0,,Neutral
U0643,33.0,Female,Student,Action,2.1,14.7,Morning,,6.0,9.0,92.0,91.0,Neutral
U0644,23.0,,Student,Action,1.3,9.1,Morning,5.7,9.0,3.0,73.0,74.0,Neutral
U0645,33.0,Female,Working Professional,Casual,4.7,32.9,Night,6.5,3.0,7.0,,82.0,Neutral
U0646,18.0,Female,Student,Simulation,3.1,21.7,Morning,7.3,3.0,5.0,87.0,91.0,Neutral
U0647,26.0,Female,,Casual,1.3,9.1,Evening,6.3,4.0,5.0,65.0,60.0,Neutral
U0648,23.0,Male,Student,Simulation,0.8,5.6,Evening,5.7,3.0,7.0,67.0,72.0,Neutral
U0649,35.0,Female,Student,Action,5.3,37.1,Morning,7.8,6.0,5.0,78.0,74.0,Neutral
U0650,21.0,Male,Student,Simulation,3.3,23.1,Morning,6.0,9.0,6.0,76.0,73.0,Neutral
U0651,21.0,Male,Student,Sports,5.1,35.7,Evening,7.7,3.0,6.0,84.0,80.0,Neutral
U0652,23.0,Female,Student,Casual,2.2,15.4,Morning,6.0,9.0,7.0,88.0,88.0,Neutral
U0653,22.0,Male,Student,,1.7,11.9,Evening,7.9,4.0,8.0,69.0,68.0,Positive
U0654,19.0,Male,Student,Action,4.3,30.1,Night,7.6,3.0,3.0,85.0,86.0,Neutral
U0655,27.0,Male,Student,Action,3.3,23.1,Night,4.7,3.0,5.0,57.0,53.0,Neutral
U0656,20.0,Male,Working Professional,Simulation,1.6,11.2,Evening,8.1,4.0,8.0,77.0,72.0,Positive
U0657,21.0,Male,Student,Casual,2.4,16.8,Morning,7.9,5.0,7.0,91.0,87.0,Neutral
U0658,34.0,Female,Working Professional,Casual,5.8,40.6,Night,5.2,,8.0,61.0,59.0,Negative
U0659,31.0,Male,Student,Sports,1.5,10.5,Morning,7.2,3.0,4.0,77.0,78.0,Positive
U0660,33.0,Female,Working Professional,Simulation,4.7,32.9,Night,,9.0,3.0,88.0,85.0,Negative
U0661,27.0,Female,Student,Simulation,0.7,4.9,Evening,5.8,3.0,6.0,73.0,75.0,Neutral
U0662,29.0,Male,Student,Casual,2.1,14.7,Evening,7.9,5.0,9.0,59.0,61.0,Neutral
U0663,30.0,Male,Student,Action,4.2,29.4,Evening,6.1,3.0,3.0,64.0,65.0,Neutral
U0664,33.0,Female,Working Professional,Casual,5.9,41.3,,5.9,8.0,3.0,69.0,70.0,Negative
U0665,22.0,Female,Student,Action,2.5,17.5,Evening,7.2,8.0,6.0,87.0,86.0,Neutral
U0666,20.0,Female,Student,Strategy,3.2,22.4,Evening,5.4,4.0,3.0,61.0,56.0,Neutral
U0667,20.0,Female,Working Professional,Strategy,3.8,26.6,Evening,5.8,6.0,7.0,94.0,90.0,Neutral
U0668,35.0,Male,Student,Sports,4.1,28.7,Morning,6.5,6.0,7.0,76.0,79.0,Neutral
U0669,19.0,Male,Working Professional,Casual,2.6,18.2,Morning,5.8,8.0,6.0,84.0,79.0,Neutral
,33.0,Female,Working Professional,Simulation,3.2,22.4,Morning,5.0,8.0,6.0,62.0,66.0,Neutral
U0671,29.0,Female,Working Professional,Action,3.3,23.1,Morning,6.1,9.0,7.0,79.0,83.0,Neutral
U0672,28.0,Female,Student,Sports,3.7,25.9,Evening,5.0,7.0,5.0,92.0,87.0,Neutral
U0673,25.0,Female,Student,Casual,6.0,42.0,Morning,6.1,2.0,8.0,70.0,68.0,Neutral
U0674,19.0,Female,Working Professional,Simulation,5.3,37.1,Night,5.0,4.0,3.0,89.0,89.0,Negative
U0675,30.0,Female,Working Professional,Simulation,5.5,38.5,Morning,,9.0,7.0,56.0,56.0,Negative
U0676,28.0,Male,Working Professional,Puzzle,4.9,34.3,Evening,4.9,5.0,5.0,,89.0,Negative
U0677,27.0,Female,Student,Puzzle,1.6,11.2,Night,7.0,3.0,9.0,89.0,87.0,Positive
,28.0,Female,Student,Simulation,2.7,18.9,Night,5.4,3.0,8.0,92.0,88.0,Neutral
U0679,27.0,Female,Working Professional,Strategy,3.1,21.7,Evening,5.3,3.0,8.0,74.0,77.0,Neutral
U0680,18.0,Male,Working Professional,Strategy,2.7,18.9,,7.0,9.0,8.0,90.0,87.0,Neutral
U0681,31.0,Male,Student,Puzzle,5.8,40.6,Evening,7.5,9.0,5.0,95.0,98.0,Neutral
U0682,28.0,Male,Student,Sports,1.3,9.1,Evening,5.1,6.0,9.0,82.0,83.0,Neutral
U0683,30.0,Male,Student,Strategy,5.0,35.0,Morning,7.1,6.0,8.0,93.0,91.0,Neutral
U0684,31.0,Female,Student,Strategy,0.7,4.9,Morning,7.7,6.0,6.0,,89.0,Positive
U0685,19.0,Female,Student,Action,2.0,14.0,Morning,4.6,6.0,8.0,90.0,87.0,Neutral
U0686,20.0,Female,Student,Strategy,,15.4,Morning,5.7,,6.0,78.0,83.0,Neutral
U0687,26.0,,Student,Strategy,3.6,25.2,Night,6.5,3.0,7.0,92.0,95.0,Neutral
U0688,25.0,Female,Student,Strategy,1.2,8.4,Morning,7.7,7.0,,92.0,93.0,Positive
U0689,19.0,Female,Working Professional,Casual,1.5,10.5,Morning,8.4,9.0,6.0,71.0,75.0,Positive
U0690,33.0,Female,Working Professional,Action,2.2,15.4,Night,6.2,5.0,5.0,64.0,64.0,Neutral
,35.0,Female,Working Professional,Casual,5.8,40.6,Night,6.9,2.0,8.0,70.0,69.0,Neutral
U0692,30.0,Male,Working Professional,Puzzle,2.5,17.5,Evening,7.7,3.0,,70.0,72.0,Neutral
U0693,32.0,Female,Working Professional,Action,1.0,7.0,Evening,,5.0,5.0,68.0,65.0,Positive
U0694,31.0,Male,Student,Casual,5.3,37.1,Evening,7.8,,6.0,,81.0,Neutral
U0695,23.0,Female,Student,Action,3.3,23.1,Evening,5.9,7.0,6.0,56.0,51.0,Neutral
U0696,34.0,Male,Working Professional,Puzzle,1.6,11.2,Evening,5.7,3.0,3.0,65.0,63.0,Neutral
U0697,27.0,Male,Student,Sports,3.1,21.7,Evening,7.4,6.0,4.0,92.0,92.0,Neutral
U0698,25.0,Male,Working Professional,Strategy,1.5,10.5,Evening,8.0,5.0,3.0,,59.0,Positive
U0699,26.0,Male,Student,Puzzle,4.4,30.8,Morning,5.2,8.0,7.0,82.0,86.0,Negative
U0700,33.0,Male,Student,Casual,,39.9,Morning,5.0,8.0,9.0,84.0,89.0,Negative
U0701,22.0,Female,Student,Simulation,1.5,10.5,Morning,7.9,6.0,5.0,,87.0,Positive
U0702,22.0,Male,Working Professional,Puzzle,6.0,42.0,Morning,5.6,5.0,6.0,66.0,67.0,Negative
U0703,18.0,Female,Student,Puzzle,3.9,27.3,Night,8.1,7.0,7.0,84.0,80.0,Neutral
U0704,26.0,Male,Student,Simulation,2.7,18.9,Morning,5.3,8.0,8.0,82.0,86.0,Neutral
U0705,19.0,Male,Working Professional,Simulation,0.8,5.6,Night,8.2,9.0,5.0,93.0,98.0,Positive
U0706,23.0,Female,Student,Simulation,2.6,,Evening,8.4,7.0,4.0,90.0,85.0,Neutral
U0707,31.0,Male,Working Professional,Action,5.6,39.2,Evening,,4.0,3.0,75.0,78.0,Neutral
U0708,27.0,Female,Working Professional,Simulation,0.7,4.9,Evening,5.0,,8.0,78.0,79.0,Neutral
U0709,32.0,Male,Student,Strategy,2.9,20.3,Morning,5.2,9.0,9.0,64.0,67.0,Neutral
U0710,21.0,Female,Student,Sports,1.8,12.6,,4.6,6.0,4.0,84.0,85.0,Neutral
U0711,21.0,Female,Student,Strategy,5.9,41.3,Evening,6.7,9.0,6.0,62.0,59.0,Neutral
U0712,18.0,Male,Working Professional,Action,1.5,10.5,Morning,5.2,6.0,7.0,92.0,90.0,Neutral
U0713,21.0,Female,Working Professional,Simulation,4.7,32.9,Morning,7.2,7.0,3.0,73.0,78.0,Neutral
U0714,26.0,Male,Working Professional,Action,5.1,35.7,Night,5.1,3.0,6.0,85.0,87.0,Negative
U0715,27.0,Female,Student,Casual,3.9,27.3,Morning,6.3,4.0,4.0,58.0,63.0,Neutral
U0716,25.0,Female,Student,Action,3.5,24.5,Morning,6.9,3.0,6.0,71.0,68.0,Neutral
U0717,27.0,Female,Working Professional,Casual,1.4,9.8,Evening,7.6,6.0,8.0,64.0,60.0,Positive
U0718,34.0,Male,,Sports,5.5,38.5,Evening,6.9,7.0,8.0,61.0,61.0,Neutral
U0719,23.0,Female,Working Professional,Action,3.1,21.7,Morning,6.8,8.0,3.0,82.0,82.0,Neutral
U0720,34.0,Male,Working Professional,Sports,3.3,23.1,Evening,8.4,5.0,8.0,64.0,66.0,Neutral
U0721,27.0,Male,Working Professional,Puzzle,0.9,6.3,Night,7.7,6.0,4.0,63.0,68.0,Positive
U0722,,Female,Student,Sports,0.8,5.6,Night,4.8,2.0,7.0,61.0,64.0,Neutral
U0723,34.0,Male,Student,Casual,4.5,31.5,Night,7.8,7.0,5.0,92.0,88.0,Neutral
U0724,27.0,Female,Working Professional,Casual,3.0,21.0,Evening,7.6,8.0,3.0,60.0,61.0,Neutral
U0725,26.0,Male,Working Professional,Simulation,3.9,27.3,Morning,5.6,4.0,4.0,66.0,62.0,Neutral
U0726,30.0,Female,Working Professional,Simulation,0.5,3.5,Night,5.0,4.0,8.0,85.0,87.0,Neutral
U0727,22.0,Male,Student,Strategy,2.5,17.5,Morning,7.2,8.0,9.0,74.0,70.0,Neutral
U0728,33.0,Male,Student,Sports,5.0,35.0,Night,7.3,5.0,9.0,,54.0,Neutral
U0729,33.0,Female,Student,Action,5.2,36.4,Morning,6.7,3.0,,84.0,81.0,Neutral
U0730,32.0,Male,Student,,5.5,38.5,Night,7.5,9.0,,85.0,80.0,Neutral
U0731,31.0,Female,Working Professional,Casual,5.1,35.7,Night,6.1,7.0,3.0,61.0,66.0,Neutral
U0732,33.0,Female,Student,Casual,3.8,26.6,Morning,6.7,6.0,3.0,86.0,87.0,Neutral
U0733,31.0,Female,Student,Sports,3.4,23.8,Night,6.2,7.0,7.0,59.0,58.0,Neutral
U0734,24.0,Female,Working Professional,Sports,5.7,39.9,Morning,5.9,8.0,3.0,65.0,64.0,
U0735,27.0,Female,Working Professional,Casual,3.3,23.1,Night,6.9,7.0,7.0,84.0,81.0,Neutral
U0736,20.0,Female,Student,Strategy,4.5,31.5,Morning,7.7,4.0,7.0,68.0,67.0,Neutral
U0737,24.0,Male,Student,Puzzle,1.4,9.8,Evening,6.5,8.0,6.0,74.0,72.0,Neutral
U0738,31.0,Male,Student,Action,2.5,17.5,Night,5.1,2.0,9.0,59.0,59.0,Neutral
U0739,35.0,Female,Student,Casual,1.7,11.9,Night,5.5,7.0,9.0,77.0,72.0,Neutral
,21.0,Male,Student,Simulation,3.8,26.6,Morning,4.9,2.0,6.0,,80.0,Neutral
U0741,32.0,Female,Student,Strategy,1.4,9.8,Night,5.0,5.0,5.0,65.0,64.0,Neutral
U0742,31.0,,Student,Sports,2.5,17.5,Evening,7.8,3.0,9.0,67.0,69.0,
U0743,25.0,Male,Working Professional,Strategy,2.1,14.7,,5.2,6.0,5.0,81.0,81.0,Neutral
U0744,29.0,Male,Working Professional,Strategy,4.9,34.3,Morning,6.2,8.0,6.0,88.0,93.0,Neutral
,30.0,Male,Working Professional,Action,4.4,30.8,Evening,6.6,3.0,3.0,76.0,76.0,Neutral
U0746,34.0,Female,Working Professional,Sports,4.7,32.9,Night,7.1,4.0,7.0,58.0,63.0,Neutral
U0747,34.0,Male,Working Professional,Sports,4.4,30.8,Night,8.0,7.0,5.0,55.0,54.0,Neutral
U0748,30.0,Male,Working Professional,Action,1.6,11.2,Morning,6.7,9.0,8.0,77.0,82.0,Neutral
U0749,24.0,Male,Working Professional,Simulation,3.5,24.5,Evening,6.1,4.0,7.0,89.0,88.0,Neutral
U0750,26.0,Male,Working Professional,Casual,4.7,32.9,Evening,5.1,2.0,9.0,89.0,93.0,Negative
U0751,34.0,Female,Student,Action,5.9,41.3,Night,4.9,2.0,9.0,78.0,77.0,Negative
U0752,35.0,Male,Working Professional,Puzzle,,39.9,Evening,6.3,2.0,6.0,76.0,74.0,Neutral
U0753,25.0,Male,Working Professional,Simulation,4.2,29.4,Night,7.8,4.0,8.0,79.0,82.0,Neutral
U0754,31.0,Male,Student,Action,1.6,11.2,Evening,7.6,9.0,3.0,64.0,65.0,Positive
U0755,34.0,Female,Working Professional,Puzzle,5.4,37.8,,6.4,9.0,3.0,78.0,83.0,Neutral
U0756,23.0,Male,Student,Sports,3.2,22.4,Night,6.2,9.0,8.0,86.0,87.0,Neutral
U0757,33.0,Male,Student,Simulation,3.0,21.0,Evening,8.4,3.0,,68.0,70.0,Neutral
U0758,27.0,Male,Student,Action,5.6,39.2,Evening,5.0,8.0,3.0,62.0,62.0,Negative
U0759,22.0,Female,Student,Puzzle,2.2,15.4,Evening,6.0,6.0,6.0,56.0,53.0,Neutral
U0760,29.0,Male,Student,Sports,1.7,,Evening,7.8,9.0,3.0,62.0,65.0,Positive
U0761,22.0,Male,Working Professional,Sports,3.7,25.9,Night,6.8,7.0,9.0,79.0,81.0,Neutral
U0762,31.0,Female,Student,Sports,3.0,21.0,Evening,8.0,7.0,3.0,94.0,99.0,Neutral
U0763,20.0,Male,Student,Simulation,3.5,24.5,Night,8.3,9.0,8.0,72.0,77.0,Neutral
U0764,24.0,Male,Student,Sports,4.9,34.3,Night,7.3,3.0,8.0,90.0,86.0,Neutral
U0765,25.0,Female,Student,Simulation,5.4,37.8,Night,5.0,4.0,3.0,72.0,70.0,Negative
,31.0,Male,Working Professional,Action,2.3,16.1,Night,6.9,9.0,9.0,56.0,56.0,Neutral
U0767,27.0,Male,Student,Puzzle,2.2,15.4,Morning,5.5,3.0,3.0,89.0,86.0,Neutral
U0768,23.0,Male,Student,Puzzle,1.3,9.1,Evening,8.3,4.0,3.0,94.0,94.0,Positive
U0769,19.0,Male,Student,Simulation,1.0,7.0,Night,5.1,7.0,5.0,79.0,75.0,Neutral
U0770,28.0,Female,Working Professional,Action,1.8,12.6,Evening,6.5,8.0,3.0,72.0,67.0,Neutral
U0771,21.0,Male,Student,Puzzle,0.7,4.9,Night,7.0,2.0,5.0,90.0,94.0,Positive
U0772,35.0,Male,Student,Simulation,2.7,18.9,Evening,4.8,,9.0,64.0,64.0,Neutral
U0773,27.0,Male,Student,Action,5.8,,Evening,6.7,2.0,3.0,84.0,88.0,Neutral
U0774,34.0,Female,Student,Strategy,2.0,14.0,Night,5.5,8.0,5.0,95.0,93.0,Neutral
U0775,35.0,Female,Working Professional,Strategy,3.4,23.8,Night,,3.0,6.0,62.0,59.0,Neutral
U0776,26.0,Male,Working Professional,Puzzle,3.3,23.1,Morning,7.7,7.0,8.0,71.0,73.0,Neutral
U0777,18.0,Female,Student,Action,,21.0,Night,6.9,2.0,8.0,63.0,68.0,Neutral
U0778,20.0,Male,Student,Casual,1.5,10.5,Evening,6.7,9.0,9.0,80.0,83.0,Neutral
U0779,30.0,Male,Student,Action,4.2,29.4,Evening,5.9,8.0,9.0,93.0,93.0,Negative
U0780,29.0,Male,Student,Simulation,2.5,17.5,Night,5.3,2.0,4.0,56.0,55.0,Neutral
U0781,26.0,Female,Student,Action,,15.4,Morning,7.4,5.0,6.0,78.0,73.0,Neutral
U0782,34.0,Female,Student,Simulation,5.9,41.3,Morning,7.1,3.0,9.0,72.0,76.0,Neutral
U0783,20.0,Male,Working Professional,Simulation,4.1,28.7,Morning,6.8,4.0,3.0,92.0,89.0,Neutral
U0784,35.0,Female,Working Professional,Action,5.3,37.1,Evening,7.4,6.0,4.0,56.0,,Neutral
U0785,31.0,Female,Student,Casual,4.0,28.0,Night,8.3,2.0,9.0,75.0,76.0,Neutral
U0786,26.0,Female,Working Professional,Puzzle,3.1,21.7,Morning,5.9,2.0,8.0,69.0,64.0,Neutral
U0787,20.0,Male,Student,Strategy,2.7,18.9,Evening,5.8,2.0,8.0,69.0,70.0,Neutral
U0788,18.0,Female,Working Professional,Strategy,2.2,15.4,Morning,7.0,3.0,3.0,85.0,86.0,Neutral
U0789,25.0,Male,Working Professional,Action,3.1,21.7,Night,8.3,2.0,9.0,76.0,79.0,Neutral
U0790,20.0,Male,Student,Sports,3.0,21.0,Morning,5.0,2.0,3.0,79.0,79.0,Neutral
U0791,19.0,Female,Working Professional,Sports,2.2,15.4,Morning,7.0,3.0,3.0,58.0,61.0,Neutral
U0792,31.0,Male,Working Professional,Casual,3.9,27.3,Night,6.1,2.0,6.0,79.0,81.0,Neutral
U0793,21.0,Male,Student,Simulation,4.8,33.6,Morning,6.3,7.0,7.0,67.0,63.0,Neutral
U0794,32.0,Male,Student,Strategy,5.5,38.5,Morning,5.0,6.0,5.0,81.0,83.0,Negative
U0795,35.0,Male,Student,Sports,0.8,5.6,Evening,5.7,8.0,7.0,77.0,76.0,Neutral
U0796,22.0,Male,Student,Simulation,3.8,26.6,Night,5.7,2.0,7.0,92.0,97.0,Neutral
U0797,20.0,Female,Student,Casual,5.2,36.4,Evening,6.2,5.0,4.0,95.0,93.0,Neutral
U0798,28.0,Female,Working Professional,Puzzle,4.3,30.1,Morning,8.4,7.0,9.0,92.0,96.0,Neutral
U0799,25.0,Male,Working Professional,Simulation,1.1,7.7,Morning,8.0,2.0,,69.0,64.0,Positive
U0800,30.0,Male,Student,Puzzle,1.8,12.6,Morning,7.4,7.0,9.0,79.0,77.0,Positive
U0801,24.0,Female,Student,Action,0.9,6.3,Morning,4.6,3.0,4.0,73.0,75.0,Neutral
U0802,35.0,Male,Student,Strategy,1.6,11.2,Morning,5.2,6.0,8.0,66.0,66.0,Neutral
U0803,21.0,Female,Student,Puzzle,1.5,10.5,Evening,5.5,3.0,,63.0,64.0,Neutral
U0804,20.0,Male,Student,Strategy,1.8,12.6,Morning,7.7,4.0,7.0,94.0,95.0,Positive
U0805,25.0,Male,Student,Simulation,1.6,11.2,Evening,6.0,7.0,5.0,93.0,94.0,Neutral
U0806,34.0,Female,Student,Casual,4.8,33.6,Morning,5.8,2.0,8.0,72.0,69.0,Negative
U0807,,Female,Working Professional,Simulation,4.8,33.6,Evening,7.7,3.0,4.0,87.0,88.0,Neutral
U0808,26.0,,Student,Strategy,1.5,10.5,Morning,7.3,9.0,8.0,86.0,88.0,Positive
U0809,31.0,Female,Student,Puzzle,5.4,37.8,Evening,6.3,5.0,6.0,68.0,67.0,Neutral
U0810,29.0,Male,Student,Sports,3.5,24.5,Night,5.0,3.0,,83.0,86.0,Neutral
,33.0,Female,Working Professional,Sports,3.9,27.3,Morning,6.2,9.0,6.0,81.0,81.0,Neutral
U0812,34.0,Male,Working Professional,Strategy,1.5,10.5,Morning,5.4,3.0,5.0,60.0,59.0,Neutral
U0813,28.0,Female,Working Professional,Casual,1.2,8.4,Night,5.9,5.0,5.0,67.0,72.0,Neutral
U0814,18.0,,Working Professional,Puzzle,5.1,35.7,Evening,5.3,4.0,9.0,89.0,88.0,Negative
U0815,30.0,Male,Student,Casual,5.7,39.9,Night,7.8,2.0,6.0,87.0,84.0,Neutral
U0816,20.0,Female,Student,Sports,1.7,11.9,Night,5.4,9.0,8.0,84.0,84.0,
U0817,22.0,Female,Student,Sports,2.8,19.6,Night,6.3,2.0,5.0,63.0,67.0,Neutral
U0818,27.0,Female,Student,Simulation,5.1,35.7,Morning,5.9,8.0,6.0,80.0,83.0,Negative
U0819,30.0,Female,Student,,5.6,39.2,Morning,5.1,7.0,7.0,95.0,99.0,Negative
U0820,27.0,Male,Student,Action,3.4,23.8,Night,5.3,3.0,5.0,91.0,93.0,Neutral
U0821,20.0,Female,Working Professional,Strategy,3.5,24.5,Morning,4.6,9.0,3.0,66.0,64.0,Neutral
U0822,18.0,Male,Working Professional,Sports,2.1,14.7,Evening,6.6,9.0,3.0,78.0,81.0,Neutral
U0823,24.0,Male,Student,Puzzle,,,Evening,4.9,8.0,6.0,59.0,60.0,Neutral
U0824,,Female,Working Professional,Strategy,5.0,35.0,Morning,7.2,4.0,7.0,91.0,,Neutral
U0825,28.0,,Working Professional,Sports,6.0,42.0,Night,6.3,8.0,7.0,70.0,73.0,Neutral
U0826,23.0,Female,Student,Strategy,0.7,4.9,Night,4.9,9.0,5.0,74.0,75.0,Neutral
U0827,30.0,Male,Student,Strategy,4.5,31.5,Evening,,4.0,8.0,91.0,87.0,Neutral
U0828,31.0,Male,Working Professional,Action,5.4,37.8,Morning,6.7,3.0,8.0,68.0,70.0,Neutral
U0829,24.0,Male,Working Professional,Action,3.3,23.1,Morning,7.6,8.0,6.0,,64.0,Neutral
U0830,24.0,Female,Student,Action,4.0,28.0,Evening,7.2,9.0,6.0,76.0,77.0,Neutral
U0831,32.0,Male,Student,Simulation,1.1,7.7,Night,8.2,7.0,8.0,84.0,86.0,Positive
U0832,23.0,Male,Student,Strategy,1.8,12.6,Evening,8.3,4.0,6.0,72.0,69.0,Positive
U0833,26.0,Male,Working Professional,Puzzle,1.2,8.4,Morning,7.5,4.0,3.0,55.0,60.0,Positive
U0834,34.0,Male,Working Professional,Casual,1.7,11.9,Evening,4.6,5.0,6.0,58.0,63.0,Neutral
U0835,25.0,Female,Student,Strategy,2.9,20.3,Morning,6.9,2.0,9.0,79.0,77.0,Neutral
U0836,20.0,Male,Student,Casual,0.6,4.2,Morning,4.6,2.0,5.0,67.0,72.0,Neutral
U0837,35.0,Male,Student,Simulation,4.5,31.5,Evening,4.7,3.0,9.0,75.0,75.0,Negative
U0838,23.0,Male,Working Professional,Casual,5.7,39.9,Evening,5.0,5.0,3.0,77.0,77.0,Negative
U0839,29.0,Male,Student,Strategy,0.6,4.2,Evening,5.4,5.0,3.0,72.0,77.0,Neutral
U0840,23.0,Female,Student,Simulation,2.2,15.4,Evening,6.9,3.0,8.0,89.0,93.0,Neutral
U0841,28.0,Female,Student,Puzzle,5.9,41.3,Morning,7.3,4.0,5.0,66.0,71.0,Neutral
U0842,34.0,Male,Student,Action,3.8,26.6,Night,6.8,8.0,7.0,95.0,93.0,Neutral
U0843,20.0,Male,Student,Puzzle,4.7,32.9,Evening,5.0,5.0,8.0,82.0,80.0,Negative
U0844,32.0,Female,Student,Puzzle,2.1,14.7,Evening,5.1,5.0,8.0,57.0,55.0,Neutral
U0845,25.0,Female,Working Professional,Strategy,4.0,28.0,Morning,7.5,8.0,8.0,73.0,68.0,
U0846,30.0,Female,Student,Sports,3.5,24.5,,8.1,5.0,9.0,69.0,73.0,Neutral
U0847,22.0,Male,Student,Action,0.5,3.5,Morning,8.0,3.0,,,63.0,Positive
U0848,31.0,Female,Working Professional,Strategy,3.8,26.6,Night,7.8,5.0,4.0,87.0,83.0,Neutral
U0849,32.0,,Working Professional,Sports,1.6,11.2,Morning,6.2,5.0,5.0,73.0,77.0,Neutral
U0850,31.0,Female,Student,Sports,5.7,39.9,Morning,5.9,8.0,4.0,85.0,87.0,Negative
U0851,35.0,Male,Student,Puzzle,4.7,32.9,Evening,6.2,3.0,9.0,74.0,78.0,Neutral
U0852,20.0,Female,Student,Casual,3.1,21.7,Evening,6.3,8.0,7.0,93.0,95.0,Neutral
U0853,33.0,Female,Working Professional,Sports,1.6,11.2,Night,8.2,2.0,3.0,87.0,87.0,Positive
U0854,30.0,Male,Student,Sports,2.6,18.2,Evening,6.5,3.0,6.0,57.0,53.0,Neutral
U0855,29.0,Male,Working Professional,Sports,4.7,32.9,Night,7.5,7.0,7.0,86.0,91.0,Neutral
U0856,22.0,,Working Professional,Casual,1.9,13.3,Morning,6.4,7.0,8.0,56.0,61.0,Neutral
U0857,30.0,Female,Student,Simulation,1.9,13.3,Morning,6.9,4.0,3.0,62.0,58.0,Neutral
U0858,35.0,Female,Working Professional,Casual,5.3,37.1,Evening,,8.0,5.0,,77.0,Negative
U0859,29.0,Male,Working Professional,Casual,4.6,32.2,Morning,8.2,3.0,3.0,95.0,99.0,Neutral
U0860,18.0,Male,Student,Casual,5.6,39.2,Evening,6.1,6.0,3.0,65.0,67.0,Neutral
U0861,23.0,Male,Student,Sports,3.4,23.8,Morning,7.1,8.0,4.0,66.0,66.0,Neutral
U0862,23.0,Male,Working Professional,Sports,3.3,23.1,Evening,4.9,5.0,4.0,67.0,62.0,Neutral
U0863,30.0,Male,Working Professional,Action,3.9,27.3,Evening,7.0,,3.0,73.0,,Neutral
U0864,19.0,Female,Student,Casual,0.7,4.9,Night,5.4,9.0,8.0,61.0,56.0,Neutral
U0865,34.0,Female,Working Professional,Sports,4.8,33.6,Evening,4.7,5.0,7.0,55.0,56.0,Negative
U0866,30.0,Female,Student,Puzzle,3.8,26.6,Evening,5.8,7.0,5.0,,70.0,Neutral
U0867,21.0,Female,Student,Puzzle,4.9,34.3,Evening,4.5,8.0,8.0,63.0,58.0,Negative
U0868,24.0,Male,Working Professional,Action,3.9,27.3,Night,7.1,9.0,7.0,81.0,86.0,
U0869,33.0,Female,Student,Puzzle,2.5,17.5,Evening,,7.0,8.0,83.0,81.0,Neutral
U0870,27.0,Male,Student,Simulation,5.7,,Night,8.3,9.0,8.0,61.0,,Neutral
U0871,27.0,,Student,Sports,4.8,33.6,Morning,7.4,2.0,4.0,86.0,82.0,Neutral
U0872,20.0,Male,Working Professional,Casual,3.2,22.4,Morning,6.7,5.0,4.0,65.0,70.0,Neutral
U0873,26.0,Female,Student,Casual,1.4,9.8,Morning,8.2,8.0,9.0,72.0,70.0,Positive
U0874,20.0,Female,Working Professional,Casual,5.6,39.2,Night,7.0,9.0,3.0,76.0,74.0,Neutral
U0875,26.0,Male,Working Professional,Action,4.5,,Morning,6.0,8.0,9.0,69.0,67.0,Neutral
U0876,29.0,Male,Working Professional,Sports,1.0,7.0,Night,7.5,5.0,8.0,62.0,66.0,Positive
U0877,28.0,Female,Student,Simulation,4.6,32.2,Night,5.7,5.0,9.0,79.0,80.0,Negative
U0878,28.0,Male,Working Professional,Strategy,3.8,26.6,Evening,5.4,8.0,3.0,89.0,,Neutral
U0879,28.0,Female,,Puzzle,4.2,29.4,Night,5.1,6.0,4.0,57.0,61.0,Negative
U0880,19.0,Female,Student,Casual,3.7,25.9,Morning,7.0,5.0,6.0,73.0,74.0,Neutral
U0881,33.0,Female,Working Professional,Casual,5.2,36.4,Morning,8.2,5.0,8.0,,55.0,Neutral
U0882,30.0,Female,Student,Simulation,6.0,42.0,Night,6.7,7.0,,85.0,85.0,Neutral
U0883,21.0,Male,Working Professional,Simulation,2.1,14.7,Morning,7.3,5.0,8.0,90.0,91.0,Neutral
U0884,22.0,Female,Working Professional,Puzzle,5.2,36.4,Morning,7.3,9.0,8.0,65.0,69.0,Neutral
U0885,21.0,Male,Working Professional,Sports,1.7,11.9,Night,7.7,5.0,8.0,55.0,55.0,Positive
U0886,19.0,Male,Working Professional,Simulation,5.1,35.7,Evening,8.2,3.0,5.0,85.0,82.0,Neutral
U0887,25.0,Female,Working Professional,Puzzle,5.8,40.6,Night,7.0,8.0,4.0,,53.0,Neutral
,30.0,Female,Working Professional,Puzzle,3.8,26.6,Morning,5.2,8.0,9.0,60.0,62.0,Neutral
U0889,18.0,Female,Working Professional,Casual,1.2,8.4,Night,,9.0,8.0,87.0,85.0,Neutral
U0890,22.0,Male,Working Professional,Action,1.0,7.0,Night,6.9,8.0,6.0,82.0,81.0,Neutral
U0891,35.0,Female,Student,Simulation,5.5,38.5,Night,7.7,4.0,6.0,56.0,57.0,Neutral
U0892,21.0,Male,Student,Action,3.5,24.5,Night,7.8,3.0,9.0,68.0,73.0,Neutral
U0893,,Male,Working Professional,Action,3.0,21.0,Morning,5.8,2.0,4.0,91.0,89.0,Neutral
U0894,18.0,Male,Working Professional,Action,5.9,41.3,Night,6.5,7.0,7.0,65.0,66.0,Neutral
U0895,28.0,Female,Student,Casual,5.5,38.5,Morning,5.7,9.0,4.0,91.0,93.0,Negative
U0896,24.0,Male,Student,Simulation,4.1,28.7,Evening,4.7,2.0,4.0,64.0,63.0,Negative
U0897,26.0,Female,Student,Sports,2.0,14.0,Evening,7.4,8.0,3.0,90.0,89.0,Positive
U0898,24.0,Male,Working Professional,Casual,1.0,7.0,Night,5.5,8.0,8.0,64.0,67.0,Neutral
U0899,31.0,Female,Student,Simulation,4.1,28.7,Morning,7.4,4.0,6.0,64.0,64.0,
U0900,20.0,Female,Student,Puzzle,,6.3,Evening,5.0,3.0,8.0,,91.0,
U0901,30.0,Male,Working Professional,Action,4.8,33.6,Morning,5.1,5.0,5.0,55.0,,Negative
U0902,34.0,Female,Working Professional,Simulation,,10.5,Evening,7.4,6.0,7.0,86.0,82.0,Positive
U0903,29.0,Female,Working Professional,Simulation,3.8,26.6,Morning,,4.0,5.0,79.0,76.0,Neutral
U0904,30.0,Female,Student,Casual,1.9,13.3,Night,7.2,4.0,8.0,63.0,60.0,Positive
U0905,32.0,Male,Working Professional,Puzzle,5.9,41.3,Evening,7.3,5.0,8.0,93.0,94.0,Neutral
U0906,20.0,Female,Working Professional,Puzzle,3.3,23.1,Morning,5.6,8.0,7.0,69.0,68.0,Neutral
U0907,19.0,Male,Working Professional,Simulation,4.0,28.0,Evening,4.8,5.0,3.0,65.0,69.0,Negative
U0908,33.0,Female,Student,Sports,4.9,34.3,Morning,4.5,8.0,8.0,87.0,84.0,Negative
U0909,29.0,Male,Student,Simulation,3.9,27.3,Evening,8.1,2.0,8.0,82.0,85.0,Neutral
U0910,22.0,Female,Student,Sports,5.8,40.6,Evening,7.2,5.0,4.0,59.0,59.0,Neutral
U0911,21.0,Female,Working Professional,Sports,2.6,18.2,Evening,6.0,3.0,,70.0,73.0,Neutral
U0912,34.0,,Working Professional,Simulation,2.0,,Evening,4.5,8.0,4.0,74.0,79.0,Neutral
U0913,21.0,Male,Working Professional,Casual,0.8,5.6,Morning,4.5,9.0,5.0,74.0,74.0,Neutral
U0914,34.0,Male,Working Professional,,2.7,18.9,Evening,4.5,8.0,6.0,,63.0,Neutral
U0915,29.0,Female,Working Professional,Sports,0.5,3.5,Morning,7.6,6.0,4.0,85.0,86.0,Positive
U0916,22.0,Female,Working Professional,Action,3.5,24.5,,5.6,9.0,8.0,83.0,80.0,Neutral
U0917,22.0,Female,Working Professional,Casual,5.4,37.8,Evening,7.3,3.0,4.0,73.0,68.0,Neutral
U0918,31.0,Female,Working Professional,Casual,5.5,38.5,Night,5.1,5.0,6.0,72.0,68.0,Negative
U0919,21.0,Male,Student,Strategy,1.2,8.4,Morning,7.5,8.0,7.0,79.0,76.0,Positive
U0920,18.0,Female,Working Professional,Puzzle,2.4,16.8,Evening,4.6,5.0,3.0,76.0,77.0,Neutral
U0921,23.0,Male,Working Professional,Action,3.2,22.4,Evening,7.5,5.0,7.0,64.0,67.0,Neutral
U0922,34.0,Male,Student,Simulation,6.0,42.0,Night,5.5,8.0,4.0,85.0,81.0,Negative
U0923,24.0,Male,Working Professional,Action,4.0,28.0,Night,5.4,4.0,6.0,57.0,56.0,Negative
U0924,25.0,Male,Working Professional,Sports,1.6,11.2,Evening,8.0,8.0,6.0,88.0,87.0,Positive
U0925,29.0,Female,Working Professional,Casual,0.8,5.6,,6.2,2.0,5.0,62.0,61.0,Neutral
U0926,,Male,,Sports,1.9,13.3,Evening,8.1,4.0,3.0,55.0,50.0,Positive
U0927,28.0,Female,Student,Action,5.5,38.5,Night,4.9,4.0,5.0,86.0,86.0,Negative
U0928,34.0,Female,Student,Casual,0.6,4.2,Evening,6.7,4.0,5.0,78.0,78.0,Neutral
U0929,21.0,,Student,Strategy,1.7,11.9,Night,6.0,3.0,4.0,95.0,99.0,Neutral
U0930,35.0,Male,Student,Strategy,3.0,21.0,Morning,4.9,7.0,5.0,85.0,83.0,Neutral
U0931,21.0,Female,Student,Sports,2.8,19.6,Evening,7.3,7.0,5.0,83.0,88.0,Neutral
U0932,22.0,Female,Student,Simulation,3.4,23.8,Morning,8.3,2.0,4.0,93.0,92.0,Neutral
,20.0,Male,Working Professional,Simulation,4.9,34.3,Evening,7.3,8.0,6.0,89.0,92.0,Neutral
U0934,23.0,Male,Student,Simulation,3.6,25.2,Evening,6.1,6.0,4.0,66.0,61.0,Neutral
U0935,26.0,Male,Student,Strategy,3.3,23.1,Morning,7.4,6.0,5.0,69.0,68.0,Neutral
U0936,19.0,Male,Student,Simulation,3.4,23.8,Morning,5.7,4.0,5.0,63.0,62.0,
U0937,26.0,Male,Working Professional,Simulation,0.5,3.5,Evening,5.9,7.0,,60.0,63.0,Neutral
U0938,26.0,Male,Working Professional,Action,2.3,16.1,Night,4.7,2.0,9.0,77.0,75.0,Neutral
U0939,26.0,Male,Working Professional,Strategy,4.1,28.7,Evening,8.0,3.0,8.0,79.0,84.0,Neutral
U0940,31.0,Female,Student,Sports,2.0,14.0,Morning,6.8,8.0,4.0,83.0,81.0,Neutral
U0941,23.0,Female,Student,Puzzle,3.2,22.4,Morning,6.3,4.0,4.0,91.0,93.0,Neutral
U0942,31.0,Male,Working Professional,Casual,5.4,37.8,Evening,7.8,5.0,3.0,64.0,60.0,Neutral
U0943,30.0,Male,Student,Action,1.1,7.7,Night,6.6,2.0,7.0,61.0,62.0,Neutral
U0944,18.0,Male,Student,Simulation,5.6,,Night,5.0,3.0,5.0,64.0,69.0,Negative
U0945,32.0,,Working Professional,Puzzle,,35.0,Evening,7.9,3.0,4.0,63.0,65.0,Neutral
U0946,18.0,Male,Student,Simulation,1.3,9.1,Evening,4.7,6.0,8.0,89.0,85.0,Neutral
U0947,18.0,Male,Working Professional,,1.1,7.7,,8.0,8.0,4.0,55.0,53.0,Positive
U0948,23.0,Male,Student,Action,2.4,16.8,Evening,5.6,8.0,8.0,62.0,64.0,Neutral
,22.0,Male,Working Professional,Simulation,2.5,17.5,Evening,7.0,3.0,5.0,,55.0,Neutral
U0950,27.0,Female,Student,Puzzle,3.8,26.6,Evening,7.2,4.0,8.0,74.0,78.0,Neutral
U0951,22.0,Female,Student,Sports,4.1,28.7,Evening,8.2,3.0,9.0,55.0,52.0,Neutral
U0952,31.0,Female,Student,Action,4.5,31.5,Evening,7.6,9.0,9.0,59.0,55.0,Neutral
U0953,31.0,Female,Working Professional,Simulation,6.0,42.0,Night,5.2,8.0,5.0,75.0,77.0,Negative
U0954,33.0,Female,Student,Sports,2.3,16.1,Morning,7.7,5.0,6.0,81.0,84.0,Neutral
,29.0,Male,Student,Action,3.7,25.9,Evening,6.2,5.0,8.0,60.0,58.0,Neutral
U0956,22.0,Female,Working Professional,Strategy,3.6,25.2,Night,,3.0,3.0,77.0,77.0,Neutral
U0957,22.0,Male,Student,Sports,5.8,40.6,,8.2,5.0,4.0,69.0,64.0,
U0958,20.0,Female,Student,Action,0.6,4.2,Morning,8.4,7.0,3.0,61.0,66.0,Positive
U0959,22.0,Male,Working Professional,Casual,2.5,17.5,Morning,4.8,,3.0,91.0,92.0,Neutral
U0960,32.0,Male,Working Professional,Action,4.6,32.2,Morning,7.3,6.0,,81.0,81.0,Neutral
U0961,30.0,Female,Working Professional,Simulation,0.8,5.6,Night,7.1,4.0,7.0,65.0,60.0,Positive
U0962,23.0,Female,Student,Simulation,5.1,35.7,Evening,8.2,6.0,8.0,69.0,70.0,Neutral
U0963,25.0,Female,,,5.9,41.3,Night,,5.0,6.0,94.0,89.0,Negative
U0964,30.0,Female,Student,Action,,26.6,Evening,4.8,9.0,6.0,75.0,80.0,Neutral
U0965,28.0,Male,,Puzzle,4.1,28.7,Morning,5.3,3.0,3.0,59.0,59.0,Negative
U0966,35.0,Male,Student,Strategy,3.5,24.5,Evening,4.8,2.0,9.0,74.0,72.0,Neutral
U0967,19.0,Female,,Puzzle,1.0,7.0,Morning,6.8,2.0,7.0,85.0,80.0,Neutral
U0968,30.0,Female,Student,Casual,5.9,41.3,Night,7.5,8.0,7.0,,67.0,Neutral
U0969,30.0,Female,Student,Puzzle,1.0,7.0,Morning,6.1,3.0,7.0,64.0,59.0,Neutral
U0970,22.0,Male,Working Professional,Sports,1.3,9.1,Morning,6.4,3.0,8.0,69.0,67.0,Neutral
U0971,24.0,Male,Student,,2.4,16.8,Night,5.9,8.0,3.0,79.0,77.0,Neutral
U0972,20.0,Female,Student,Sports,6.0,42.0,Evening,4.9,2.0,4.0,74.0,77.0,Negative
U0973,29.0,Male,Student,Strategy,1.4,9.8,Night,5.7,3.0,5.0,91.0,91.0,Neutral
U0974,22.0,Male,Working Professional,Action,4.7,32.9,Evening,5.5,9.0,5.0,83.0,88.0,Negative
U0975,28.0,Female,Student,Casual,5.2,36.4,Evening,6.1,4.0,6.0,78.0,81.0,Neutral
U0976,35.0,Male,Student,Action,3.3,23.1,Evening,5.6,2.0,7.0,58.0,56.0,Neutral
U0977,20.0,Female,Working Professional,Sports,2.6,18.2,Night,6.8,3.0,4.0,79.0,81.0,Neutral
U0978,30.0,Female,Student,Sports,3.4,23.8,Evening,7.8,3.0,3.0,66.0,62.0,Neutral
U0979,26.0,Female,Student,Simulation,0.9,6.3,Morning,5.9,9.0,4.0,85.0,81.0,Neutral
U0980,30.0,Male,Working Professional,Sports,5.7,39.9,Evening,5.1,5.0,5.0,91.0,86.0,Negative
U0981,26.0,Male,Student,Strategy,1.7,11.9,Morning,5.3,2.0,9.0,82.0,81.0,Neutral
U0982,24.0,Female,Student,Action,2.0,14.0,Morning,4.8,9.0,9.0,81.0,84.0,
U0983,31.0,Female,Working Professional,Simulation,5.4,37.8,Night,6.2,6.0,4.0,67.0,67.0,Neutral
U0984,18.0,Male,Student,Casual,4.8,33.6,Night,8.4,8.0,5.0,91.0,92.0,Neutral
U0985,22.0,Female,Working Professional,Action,3.7,25.9,Night,5.1,7.0,3.0,64.0,66.0,Neutral
U0986,32.0,Male,Student,Strategy,2.7,18.9,Night,6.6,2.0,,63.0,68.0,Neutral
U0987,29.0,Male,Student,Casual,5.9,41.3,Night,6.2,4.0,7.0,79.0,77.0,Neutral
U0988,34.0,Male,Working Professional,Casual,5.8,40.6,Evening,6.0,7.0,3.0,74.0,73.0,Neutral
U0989,23.0,Female,Working Professional,Puzzle,2.8,19.6,Morning,5.9,8.0,7.0,76.0,72.0,Neutral
U0990,31.0,Female,Student,Action,3.5,24.5,Morning,5.2,8.0,6.0,73.0,78.0,Neutral
U0991,35.0,Male,Working Professional,Simulation,1.0,7.0,Night,4.6,8.0,3.0,86.0,90.0,Neutral
U0992,35.0,Female,Student,Strategy,4.9,34.3,Evening,7.2,8.0,4.0,69.0,71.0,Neutral
U0993,29.0,Male,Working Professional,Puzzle,5.7,39.9,Night,5.9,9.0,6.0,80.0,75.0,Negative
U0994,31.0,Male,Student,Action,2.0,14.0,Morning,7.9,8.0,8.0,70.0,65.0,Positive
U0995,31.0,Male,Working Professional,Strategy,4.8,33.6,Night,7.9,7.0,5.0,65.0,,Neutral
U0996,23.0,Female,Working Professional,Simulation,,28.0,Morning,7.8,8.0,4.0,95.0,96.0,Neutral
U0997,30.0,Female,Student,Puzzle,2.9,20.3,Morning,4.9,4.0,7.0,,67.0,Neutral
U0998,18.0,Male,Working Professional,Action,,7.0,Night,4.6,2.0,8.0,92.0,89.0,Neutral
U0999,25.0,Female,Student,Simulation,4.5,31.5,Morning,8.4,7.0,4.0,70.0,75.0,Neutral
U1000,19.0,Female,Student,Strategy,4.5,31.5,Night,7.7,8.0,9.0,71.0,76.0,Neutral
